b,sink_mass,delta0,frac_coned,h1_tot,frac_h1_zero,star_minus_P0,corr_P0_star
0,0.0830930713963003,0.7580099095937175,0.0,3.7580974152684212,0.0,10.356979345400863,0.201611919157984
1,0.15086135283211574,0.7273945937214169,0.0,3.399116088151932,0.0,8.228453670834067,0.487502700100875
2,0.2523107421951563,0.6554266185284732,0.0,2.543303250968456,0.0,5.669403333536544,0.6070219571549659
3,0.38798376380340627,0.5826402497970714,0.0,1.4336109215021133,0.0,3.370808520568651,0.8369746739364418
4,0.5447555961925051,0.43028656750768685,0.0,0.5564587447047233,0.0,1.532416963356317,0.9237125004500506
5,0.6942702779039308,0.31200445758070516,0.035,0.147669278383255,0.22,0.6041930417463418,0.9584937014933426
6,0.8179465723064391,0.15588726164213323,0.355,0.039487827420234684,0.63,0.19470702771163206,0.9841983368445308
8,0.9549100992769355,0.007051309587227935,0.93,0.00031996876001358035,0.995,0.007051310223187992,0.9976532078139074
10,0.992384524589514,0.0,1.0,0.0,1.0,2.5611191722951785e-10,0.9999999999999997
