example_id,label,selfcheck_score
0,grounded,0.6666666666666666
0,hallucinated,1.0
1,grounded,1.0
1,hallucinated,1.0
2,grounded,0.6666666666666666
2,hallucinated,1.0
3,grounded,1.0
3,hallucinated,1.0
4,grounded,1.0
4,hallucinated,1.0
5,grounded,1.0
5,hallucinated,1.0
6,grounded,0.6666666666666666
6,hallucinated,0.3333333333333333
7,grounded,0.6666666666666666
7,hallucinated,0.3333333333333333
8,grounded,0.6666666666666666
8,hallucinated,1.0
9,grounded,0.6666666666666666
9,hallucinated,0.6666666666666666
10,grounded,1.0
10,hallucinated,0.6666666666666666
11,grounded,0.6666666666666666
11,hallucinated,1.0
12,grounded,1.0
12,hallucinated,1.0
13,grounded,0.3333333333333333
13,hallucinated,1.0
14,grounded,1.0
14,hallucinated,1.0
15,grounded,0.6666666666666666
15,hallucinated,1.0
16,grounded,1.0
16,hallucinated,1.0
17,hallucinated,1.0
18,grounded,0.6666666666666666
18,hallucinated,1.0
19,grounded,0.0
19,hallucinated,1.0
20,grounded,1.0
20,hallucinated,0.6666666666666666
21,grounded,1.0
21,hallucinated,0.3333333333333333
22,grounded,1.0
22,hallucinated,1.0
23,grounded,0.6666666666666666
23,hallucinated,1.0
24,grounded,1.0
24,hallucinated,0.0
25,grounded,0.6666666666666666
25,hallucinated,1.0
26,grounded,1.0
26,hallucinated,0.0
27,hallucinated,1.0
28,hallucinated,1.0
29,grounded,0.6666666666666666
29,hallucinated,1.0
30,grounded,0.6666666666666666
30,hallucinated,0.6666666666666666
31,grounded,1.0
31,hallucinated,1.0
32,hallucinated,1.0
33,grounded,0.6666666666666666
33,hallucinated,0.0
34,grounded,1.0
34,hallucinated,1.0
35,grounded,1.0
35,hallucinated,1.0
36,grounded,1.0
36,hallucinated,1.0
37,grounded,1.0
37,hallucinated,1.0
38,grounded,0.6666666666666666
38,hallucinated,1.0
39,grounded,0.6666666666666666
39,hallucinated,0.6666666666666666
40,grounded,0.3333333333333333
40,hallucinated,1.0
41,grounded,0.6666666666666666
41,hallucinated,1.0
42,grounded,1.0
42,hallucinated,1.0
43,grounded,0.6666666666666666
43,hallucinated,1.0
44,grounded,0.6666666666666666
44,hallucinated,0.0
45,grounded,1.0
45,hallucinated,1.0
46,grounded,1.0
46,hallucinated,1.0
47,grounded,1.0
47,hallucinated,1.0
48,grounded,1.0
48,hallucinated,1.0
49,hallucinated,1.0
50,grounded,1.0
50,hallucinated,1.0
51,grounded,1.0
51,hallucinated,0.6666666666666666
52,grounded,1.0
52,hallucinated,1.0
53,grounded,0.3333333333333333
53,hallucinated,1.0
54,grounded,0.6666666666666666
54,hallucinated,1.0
55,grounded,0.6666666666666666
55,hallucinated,0.3333333333333333
56,grounded,0.6666666666666666
56,hallucinated,1.0
57,grounded,0.6666666666666666
57,hallucinated,1.0
58,grounded,1.0
58,hallucinated,1.0
59,grounded,1.0
59,hallucinated,1.0
60,grounded,1.0
60,hallucinated,1.0
61,grounded,0.6666666666666666
61,hallucinated,1.0
62,grounded,1.0
62,hallucinated,1.0
63,grounded,1.0
63,hallucinated,1.0
64,grounded,1.0
64,hallucinated,1.0
65,grounded,0.3333333333333333
65,hallucinated,1.0
66,grounded,1.0
66,hallucinated,1.0
67,hallucinated,1.0
68,grounded,1.0
68,hallucinated,1.0
69,hallucinated,0.6666666666666666
70,grounded,1.0
70,hallucinated,1.0
71,grounded,0.3333333333333333
71,hallucinated,0.3333333333333333
72,grounded,1.0
72,hallucinated,1.0
73,grounded,1.0
73,hallucinated,0.6666666666666666
74,grounded,0.3333333333333333
74,hallucinated,1.0
75,grounded,0.6666666666666666
75,hallucinated,1.0
76,grounded,1.0
76,hallucinated,1.0
77,grounded,0.6666666666666666
77,hallucinated,1.0
78,grounded,1.0
78,hallucinated,1.0
79,grounded,0.3333333333333333
79,hallucinated,0.6666666666666666
80,grounded,1.0
80,hallucinated,0.3333333333333333
81,grounded,1.0
81,hallucinated,1.0
82,grounded,1.0
82,hallucinated,0.6666666666666666
83,grounded,1.0
83,hallucinated,1.0
84,grounded,0.6666666666666666
84,hallucinated,0.3333333333333333
85,grounded,0.6666666666666666
85,hallucinated,0.6666666666666666
86,grounded,0.6666666666666666
86,hallucinated,1.0
87,hallucinated,1.0
88,grounded,0.6666666666666666
88,hallucinated,0.3333333333333333
89,hallucinated,1.0
90,grounded,0.6666666666666666
90,hallucinated,1.0
91,grounded,0.6666666666666666
91,hallucinated,0.6666666666666666
92,grounded,1.0
92,hallucinated,1.0
93,grounded,1.0
93,hallucinated,1.0
94,grounded,1.0
94,hallucinated,1.0
95,grounded,1.0
95,hallucinated,1.0
96,hallucinated,1.0
97,grounded,0.6666666666666666
97,hallucinated,1.0
98,grounded,1.0
98,hallucinated,0.0
99,grounded,0.6666666666666666
99,hallucinated,0.6666666666666666
100,grounded,1.0
100,hallucinated,0.6666666666666666
101,grounded,0.3333333333333333
101,hallucinated,0.3333333333333333
102,grounded,0.6666666666666666
102,hallucinated,1.0
103,hallucinated,0.8333333333333333
104,grounded,1.0
104,hallucinated,1.0
105,grounded,0.0
105,hallucinated,1.0
106,grounded,0.3333333333333333
106,hallucinated,0.0
107,grounded,0.6666666666666666
107,hallucinated,0.6666666666666666
108,grounded,0.6666666666666666
108,hallucinated,0.6666666666666666
109,grounded,1.0
109,hallucinated,0.6666666666666666
110,grounded,1.0
110,hallucinated,1.0
111,grounded,0.3333333333333333
111,hallucinated,1.0
112,grounded,1.0
112,hallucinated,1.0
113,grounded,0.6666666666666666
113,hallucinated,1.0
114,grounded,0.6666666666666666
114,hallucinated,1.0
115,grounded,0.3333333333333333
115,hallucinated,1.0
116,grounded,1.0
116,hallucinated,1.0
117,grounded,1.0
117,hallucinated,1.0
118,grounded,0.6666666666666666
118,hallucinated,0.6666666666666666
119,grounded,1.0
119,hallucinated,0.3333333333333333
120,grounded,0.6666666666666666
120,hallucinated,0.6666666666666666
121,grounded,1.0
121,hallucinated,0.6666666666666666
122,grounded,0.6666666666666666
122,hallucinated,1.0
123,hallucinated,1.0
124,grounded,1.0
124,hallucinated,1.0
125,grounded,1.0
125,hallucinated,0.6666666666666666
126,grounded,0.3333333333333333
126,hallucinated,1.0
127,grounded,0.6666666666666666
127,hallucinated,0.6666666666666666
128,hallucinated,1.0
129,grounded,1.0
129,hallucinated,1.0
130,grounded,1.0
130,hallucinated,1.0
131,grounded,0.6666666666666666
131,hallucinated,1.0
132,grounded,0.6666666666666666
132,hallucinated,0.3333333333333333
133,grounded,0.3333333333333333
133,hallucinated,0.6666666666666666
134,grounded,0.0
134,hallucinated,0.0
135,grounded,0.6666666666666666
135,hallucinated,1.0
136,grounded,0.6666666666666666
136,hallucinated,0.3333333333333333
137,hallucinated,1.0
138,grounded,0.6666666666666666
138,hallucinated,0.3333333333333333
139,grounded,1.0
139,hallucinated,0.3333333333333333
140,grounded,1.0
140,hallucinated,1.0
141,grounded,1.0
141,hallucinated,1.0
142,grounded,0.6666666666666666
142,hallucinated,1.0
143,grounded,0.3333333333333333
143,hallucinated,0.6666666666666666
144,grounded,1.0
144,hallucinated,1.0
145,grounded,0.3333333333333333
145,hallucinated,1.0
146,grounded,0.3333333333333333
146,hallucinated,1.0
147,grounded,0.6666666666666666
147,hallucinated,1.0
148,grounded,0.6666666666666666
148,hallucinated,1.0
149,grounded,1.0
149,hallucinated,1.0
150,grounded,1.0
150,hallucinated,0.6666666666666666
151,grounded,1.0
151,hallucinated,0.3333333333333333
152,grounded,1.0
152,hallucinated,1.0
153,grounded,1.0
153,hallucinated,1.0
154,grounded,1.0
154,hallucinated,0.6666666666666666
155,grounded,0.6666666666666666
155,hallucinated,1.0
156,grounded,1.0
156,hallucinated,0.3333333333333333
157,grounded,0.6666666666666666
157,hallucinated,0.3333333333333333
158,grounded,1.0
158,hallucinated,1.0
159,grounded,1.0
159,hallucinated,1.0
160,grounded,0.6666666666666666
160,hallucinated,0.6666666666666666
161,grounded,1.0
161,hallucinated,1.0
162,grounded,1.0
162,hallucinated,1.0
163,grounded,1.0
163,hallucinated,1.0
164,hallucinated,0.6666666666666666
165,grounded,0.6666666666666666
165,hallucinated,1.0
166,grounded,0.3333333333333333
166,hallucinated,1.0
167,grounded,0.3333333333333333
167,hallucinated,1.0
168,grounded,1.0
168,hallucinated,0.3333333333333333
169,grounded,0.6666666666666666
169,hallucinated,0.3333333333333333
170,grounded,1.0
170,hallucinated,1.0
171,grounded,0.3333333333333333
171,hallucinated,1.0
172,grounded,0.3333333333333333
172,hallucinated,1.0
173,grounded,1.0
173,hallucinated,1.0
174,grounded,1.0
174,hallucinated,1.0
175,grounded,1.0
175,hallucinated,0.6666666666666666
176,grounded,1.0
176,hallucinated,1.0
177,grounded,0.6666666666666666
177,hallucinated,1.0
178,grounded,0.3333333333333333
178,hallucinated,0.3333333333333333
179,grounded,1.0
179,hallucinated,1.0
180,grounded,0.3333333333333333
180,hallucinated,0.6666666666666666
181,grounded,1.0
181,hallucinated,1.0
182,grounded,0.3333333333333333
182,hallucinated,1.0
183,grounded,0.6666666666666666
183,hallucinated,1.0
184,grounded,1.0
184,hallucinated,1.0
185,grounded,1.0
185,hallucinated,1.0
186,grounded,1.0
186,hallucinated,1.0
187,grounded,0.6666666666666666
187,hallucinated,1.0
188,grounded,0.3333333333333333
188,hallucinated,0.6666666666666666
189,grounded,0.6666666666666666
189,hallucinated,0.6666666666666666
190,grounded,0.3333333333333333
190,hallucinated,1.0
191,grounded,0.3333333333333333
191,hallucinated,1.0
192,grounded,0.6666666666666666
192,hallucinated,0.3333333333333333
193,grounded,1.0
193,hallucinated,0.6666666666666666
194,grounded,1.0
194,hallucinated,1.0
195,grounded,1.0
195,hallucinated,1.0
196,grounded,1.0
196,hallucinated,0.0
197,grounded,0.3333333333333333
197,hallucinated,0.6666666666666666
198,grounded,0.6666666666666666
198,hallucinated,0.6666666666666666
199,grounded,1.0
199,hallucinated,1.0
