mean_logprob,min_logprob,perplexity,n_answer_tokens,example_id,label
-0.0047989520244300365,-0.008924241177737713,1.0048104854367468,2,0,grounded
-0.5924233794212341,-2.475393295288086,1.8083654652840706,6,0,hallucinated
-1.8456071615219116,-6.646351337432861,6.331943135749255,11,1,hallucinated
-0.03162901848554611,-0.05953313410282135,1.0321345314398047,2,2,grounded
-1.5916552543640137,-6.749857425689697,4.911872601658314,22,2,hallucinated
-0.7870658040046692,-4.692196846008301,2.196940705093195,7,3,hallucinated
-3.94751238822937,-10.634908676147461,51.80633236535472,5,4,hallucinated
-0.3043878674507141,-1.1508053541183472,1.3557948228007946,8,5,hallucinated
-0.025489188730716705,-0.08305712789297104,1.0258168158286625,4,6,grounded
-1.054414987564087,-6.147723197937012,2.870295504076602,15,6,hallucinated
-0.0037678852677345276,-0.005563015583902597,1.0037749926712534,2,7,grounded
-2.3272480964660645,-9.185417175292969,10.249696511029928,9,7,hallucinated
-0.03555528447031975,-0.11369210481643677,1.0361949320325605,4,8,grounded
-1.4636393785476685,-13.274892807006836,4.321659096086322,18,8,hallucinated
-0.16668730974197388,-0.5815476775169373,1.1813848000293259,7,9,grounded
-2.00527024269104,-8.850446701049805,7.428101015548777,12,9,hallucinated
-0.0057902042753994465,-0.011086884886026382,1.0058069999092443,2,10,grounded
-0.990387499332428,-13.03415298461914,2.6922775259889478,15,10,hallucinated
-1.1796917915344238,-2.3589425086975098,3.2533713317648116,2,11,grounded
-1.5690206289291382,-6.300498962402344,4.801943006024856,21,11,hallucinated
-0.35509273409843445,-5.381155014038086,1.4263129159911498,20,12,hallucinated
-0.00925353728234768,-0.014794518239796162,1.0092964836247793,4,13,grounded
-1.158721923828125,-9.305546760559082,3.1858589026405535,17,13,hallucinated
-0.03956383466720581,-0.11704758554697037,1.0403569076023182,3,14,grounded
-1.4677802324295044,-6.1041364669799805,4.339591557157348,20,14,hallucinated
-0.019242094829678535,-0.054980698972940445,1.0194284170945225,4,15,grounded
-1.9226690530776978,-6.127236843109131,6.839188286839178,14,15,hallucinated
-0.03223725035786629,-0.4403475522994995,1.032762499514088,21,16,grounded
-2.594477891921997,-9.728508949279785,13.38959472054477,13,16,hallucinated
-1.313766598701477,-8.809680938720703,3.720159704577157,21,17,hallucinated
-0.006184266414493322,-0.014469104818999767,1.0062034284707575,4,18,grounded
-1.1271578073501587,-6.00552225112915,3.0868705395843166,10,18,hallucinated
-1.1910406351089478,-11.642963409423828,3.290503639936368,14,19,hallucinated
-1.2409199476242065,-9.18769645690918,3.4587939108573726,14,20,hallucinated
-0.002120915800333023,-0.0032740819733589888,1.0021231665331727,2,21,grounded
-1.6963621377944946,-12.605905532836914,5.454070102736495,9,21,hallucinated
-0.04484643042087555,-0.12230698019266129,1.0458672341844464,3,22,grounded
-0.46531277894973755,-4.478703022003174,1.5925122152950968,16,22,hallucinated
-0.4723481833934784,-1.8489410877227783,1.6037556876224879,4,23,grounded
-3.969027280807495,-8.627752304077148,52.93301682801826,9,23,hallucinated
-0.10517742484807968,-0.13605158030986786,1.110907695500392,2,24,grounded
-2.392204999923706,-6.83559513092041,10.937584746703026,7,24,hallucinated
-1.9818246364593506,-12.296462059020996,7.255970422039399,18,25,hallucinated
-1.0920450687408447,-9.955188751220703,2.9803628913999964,23,26,hallucinated
-1.3912643194198608,-8.091906547546387,4.01992931611293,13,27,hallucinated
-1.0310248136520386,-12.64972972869873,2.8039378766092553,16,28,hallucinated
-0.058919068425893784,-0.11492651700973511,1.0606893940040556,2,29,grounded
-0.6751235723495483,-11.451461791992188,1.964275691135411,22,29,hallucinated
-0.001641022739931941,-0.002527615986764431,1.0016423699545842,2,30,grounded
-2.2011241912841797,-5.757826328277588,9.035165046020753,6,30,hallucinated
-0.005776794161647558,-0.01151687279343605,1.0057935120134003,2,31,grounded
-0.3502344787120819,-0.888240396976471,1.4194003287378139,6,31,hallucinated
-1.212377905845642,-5.023698329925537,3.3614684118595872,20,32,hallucinated
-0.507795512676239,-3.589259147644043,1.6616241251058372,13,33,hallucinated
-0.04516388103365898,-0.1693403571844101,1.0461992980829837,5,34,grounded
-2.095384120941162,-11.891194343566895,8.128562721772152,7,34,hallucinated
-0.004597667139023542,-0.018095407634973526,1.004608252627217,4,35,grounded
-0.729693591594696,-2.271578550338745,2.0744448829349236,8,35,hallucinated
-0.0009356358204968274,-0.0011214879341423512,1.0009360736642345,2,36,grounded
-0.0835874155163765,-0.6500157117843628,1.0871802475619043,14,36,hallucinated
-0.07866028696298599,-0.15633592009544373,1.0818367455921905,2,37,grounded
-2.225696086883545,-6.475782871246338,9.259926274261225,8,37,hallucinated
-0.2630326747894287,-5.4067158699035645,1.3008692238852653,27,38,hallucinated
-0.5334088206291199,-7.758538246154785,1.7047335461912452,44,39,hallucinated
-1.5851895809173584,-9.252055168151855,4.880216486736991,18,40,hallucinated
-2.0489912033081055,-9.668030738830566,7.760068824621916,9,41,hallucinated
-1.298612356185913,-2.5967636108398438,3.6642085218798117,2,42,grounded
-1.5150578022003174,-10.55520248413086,4.5496841009971165,19,42,hallucinated
-0.10862068831920624,-0.21722790598869324,1.114739436449142,2,43,grounded
-1.4654459953308105,-10.060188293457031,4.329473734843605,14,43,hallucinated
-0.0007058137562125921,-0.0013523490633815527,1.000706062901355,3,44,grounded
-1.1027071475982666,-5.343624591827393,3.012309762961162,24,44,hallucinated
-0.003180593019351363,-0.00927685759961605,1.0031856564721664,5,45,grounded
-0.29206833243370056,-0.8622413277626038,1.3391945249338872,5,45,hallucinated
-0.12514367699623108,-0.24468734860420227,1.1333112721292438,2,46,grounded
-1.9860303401947021,-8.65146255493164,7.2865511456028,12,46,hallucinated
-0.0067769987508654594,-0.009924827143549919,1.0068000145702503,2,47,grounded
-3.440439462661743,-11.268589973449707,31.200666683927537,9,47,hallucinated
-0.23391884565353394,-0.7015541195869446,1.2635419461259336,3,48,grounded
-2.963639736175537,-8.385875701904297,19.368339263313803,6,48,hallucinated
-0.860018789768219,-5.677239418029785,2.3632050973646597,14,49,hallucinated
-1.4044945240020752,-4.899847507476807,4.0734671808939344,6,50,hallucinated
-0.006183761637657881,-0.03483114764094353,1.0062029205627032,9,51,grounded
-0.26300421357154846,-3.0544791221618652,1.3008322000897243,23,51,hallucinated
-0.17381048202514648,-0.1870185285806656,1.1898300502698653,2,52,grounded
-2.5627408027648926,-9.128975868225098,12.971320470755675,8,52,hallucinated
-0.003452213481068611,-0.006163043901324272,1.0034581792330692,3,53,grounded
-2.227376937866211,-11.823319435119629,9.275503918620572,12,53,hallucinated
-0.8204914927482605,-7.448635101318359,2.271616046019198,15,54,hallucinated
-0.20696453750133514,-1.5800106525421143,1.2299389542988401,22,55,hallucinated
-0.0022021904587745667,-0.0034905478823930025,1.0022046170611363,3,56,grounded
-1.9960925579071045,-11.153968811035156,7.360240125141153,31,56,hallucinated
-0.0004680278361774981,-0.0010240792762488127,1.0004681373782942,4,57,grounded
-1.533429741859436,-10.40501594543457,4.634043169846513,8,57,hallucinated
-0.0016790382796898484,-0.0031179406214505434,1.001680448653709,4,58,grounded
-1.470842957496643,-11.252039909362793,4.352902907097815,10,58,hallucinated
-0.9762998819351196,-10.262954711914062,2.6546156561473637,31,59,hallucinated
-0.0005310227861627936,-0.0009607228566892445,1.0005311638037226,2,60,grounded
-3.193729877471924,-7.874306678771973,24.37918946182419,5,60,hallucinated
-1.5310287475585938,-10.0888671875,4.622930205027097,24,61,hallucinated
-2.196690797805786,-7.973137378692627,8.995197266140647,8,62,hallucinated
-0.4669930934906006,-0.9317905902862549,1.5951903861815593,2,63,grounded
-0.7803977131843567,-5.900379180908203,2.182340038330408,31,63,hallucinated
-0.924889862537384,-1.766552209854126,2.5215905234817986,7,64,hallucinated
-0.8807452917098999,-8.700883865356445,2.412697199727031,21,65,hallucinated
-0.0003127676318399608,-0.0006232702871784568,1.0003128165487354,2,66,grounded
-1.4395837783813477,-2.8791542053222656,4.218939437698637,2,66,hallucinated
-0.720147430896759,-6.550251007080078,2.0547361199030076,23,67,hallucinated
-0.0012494416441768408,-0.0025289240293204784,1.0012502225215743,4,68,grounded
-1.0561662912368774,-3.1429409980773926,2.875326667396377,6,68,hallucinated
-0.0042549311183393,-0.006434319075196981,1.0042639961902757,2,69,grounded
-0.4700982868671417,-10.125347137451172,1.6001514593625283,36,69,hallucinated
-0.0009090708917938173,-0.0014138950500637293,1.0009094842219763,3,70,grounded
-1.450940728187561,-10.777851104736328,4.267126834114904,11,70,hallucinated
-1.0380991697311401,-6.384970188140869,2.823844260977343,13,71,hallucinated
-0.1828528642654419,-0.877101719379425,1.2006377383683626,12,72,hallucinated
-0.004185968078672886,-0.008232232183218002,1.004194741480506,2,73,grounded
-2.4284493923187256,-10.091803550720215,11.341282558700309,6,73,hallucinated
-0.17779450118541718,-0.40942564606666565,1.1945798112745203,4,74,grounded
-0.8345931172370911,-10.413163185119629,2.3038764499382927,16,74,hallucinated
-0.04027283564209938,-0.0761682465672493,1.0410947832103985,2,75,grounded
-1.447936773300171,-8.355931282043457,4.25432781107495,11,75,hallucinated
-0.007037769537419081,-0.010004495270550251,1.0070625928368346,2,76,grounded
-2.9560792446136475,-8.640456199645996,19.222457262460438,7,76,hallucinated
-0.08574878424406052,-0.25655898451805115,1.0895325861701441,3,77,grounded
-2.5206916332244873,-8.01693058013916,12.43719566729938,14,77,hallucinated
-0.2658812403678894,-4.479578495025635,1.3045801180318861,22,78,hallucinated
-0.001854366040788591,-0.0036808375734835863,1.001856086440748,2,79,grounded
-2.1194076538085938,-11.676338195800781,8.326204031428043,12,79,hallucinated
-1.7325278520584106,-12.045411109924316,5.654930684207619,17,80,hallucinated
-0.03664500266313553,-0.0642767995595932,1.0373247079581904,2,81,grounded
-3.1942999362945557,-12.447996139526367,24.39309099583511,10,81,hallucinated
-0.13632319867610931,-0.5341317653656006,1.146052236310028,4,82,grounded
-0.20165222883224487,-0.9152230620384216,1.223422463060861,13,82,hallucinated
-0.002179541625082493,-0.005368578247725964,1.0021819185524872,3,83,grounded
-1.2972980737686157,-14.20865535736084,3.6593958803240376,40,83,hallucinated
-0.03182586655020714,-0.16077227890491486,1.032337725123274,7,84,grounded
-0.6154019832611084,-7.258596420288086,1.8504002800136812,28,84,hallucinated
-0.0010435645235702395,-0.001500552985817194,1.0010441092264888,2,85,grounded
-1.8589849472045898,-4.876265525817871,6.417219647634246,6,85,hallucinated
-2.983212471008301,-12.476494789123535,19.75116488265996,6,86,hallucinated
-0.9674525856971741,-7.486643314361572,2.6312330738773713,16,87,hallucinated
-0.3039790391921997,-0.9044128656387329,1.3552406488531896,3,88,grounded
-1.5783917903900146,-9.17258358001709,4.847154299560218,14,88,hallucinated
-2.5654258728027344,-9.62557315826416,13.006196175604689,6,89,hallucinated
-0.000922272854950279,-0.0017456068890169263,1.0009226982793356,2,90,grounded
-1.4162031412124634,-3.785147190093994,4.121442161093737,10,90,hallucinated
-0.0007931286236271262,-0.001503052655607462,1.0007934432333037,2,91,grounded
-1.0876235961914062,-8.583773612976074,2.9672143879822306,9,91,hallucinated
-0.018510717898607254,-0.0813404768705368,1.018683103253279,6,92,grounded
-1.1932251453399658,-6.260698318481445,3.297699635804651,23,92,hallucinated
-0.0009011523216031492,-0.002211983548477292,1.0009015584813512,5,93,grounded
-1.7422876358032227,-7.480005264282227,5.710391788733162,21,93,hallucinated
-0.004114825278520584,-0.010178681463003159,1.004123302795903,3,94,grounded
-3.1158015727996826,-10.062438011169434,22.551499779362192,9,94,hallucinated
-0.004381939768791199,-0.011038429103791714,1.0043915545054625,3,95,grounded
-1.274478793144226,-7.639062881469727,3.5768366523963313,9,95,hallucinated
-0.6580568552017212,-0.9651020169258118,1.9310364030826987,3,96,grounded
-1.3644754886627197,-3.2633774280548096,3.9136697493956216,5,96,hallucinated
-0.022286439314484596,-0.08095598220825195,1.0225366372195661,4,97,grounded
-1.5158745050430298,-19.479637145996094,4.553401358676683,15,97,hallucinated
-1.8851960897445679,-5.510096549987793,6.587646085210089,10,98,hallucinated
-0.008643724024295807,-0.02712881565093994,1.0086811888742757,4,99,grounded
-1.781072974205017,-4.975945949554443,5.936222416232628,10,99,hallucinated
-0.49861806631088257,-5.025399684906006,1.6464444208223081,16,100,hallucinated
-0.02248469740152359,-0.10053587704896927,1.0227393834745668,7,101,grounded
-0.8888121247291565,-8.631108283996582,2.4322387383577353,19,101,hallucinated
-1.7844594717025757,-7.443408489227295,5.956359496431055,9,102,hallucinated
-1.677356481552124,-15.725054740905762,5.351390756181809,12,103,hallucinated
-0.0009739469387568533,-0.004215046763420105,1.0009744213790908,8,104,grounded
-0.7128767371177673,-5.430259704589844,2.039850941139737,26,104,hallucinated
-0.039701197296381,-0.23079055547714233,1.0404998235778595,6,105,grounded
-0.9852953553199768,-11.229578971862793,2.678602907217656,23,105,hallucinated
-0.0006510380771942437,-0.0009951406391337514,1.0006512500484812,3,106,grounded
-1.047418475151062,-6.849989891052246,2.850283534583833,15,106,hallucinated
-0.0017746547237038612,-0.005829120520502329,1.0017762303553275,8,107,grounded
-0.9264495372772217,-7.25250768661499,2.525526453112625,27,107,hallucinated
-0.8400550484657288,-8.236641883850098,2.316494492738975,38,108,hallucinated
-0.4783051013946533,-2.8140652179718018,1.6133376398649604,22,109,hallucinated
-0.9279532432556152,-8.775589942932129,2.5293269590443863,15,110,hallucinated
-0.11748424172401428,-0.3666039705276489,1.1246639070398539,4,111,grounded
-1.2421576976776123,-5.066199779510498,3.4630776837784327,10,111,hallucinated
-0.4510163962841034,-7.75794792175293,1.5699070225237355,20,112,hallucinated
-0.00390942906960845,-0.008839169517159462,1.0039170808555558,3,113,grounded
-1.4466099739074707,-12.732874870300293,4.248686914515451,10,113,hallucinated
-0.7959780693054199,-11.178543090820312,2.216607933105909,16,114,hallucinated
-0.0024275800678879023,-0.005701233167201281,1.0024305290261755,6,115,grounded
-3.9234731197357178,-12.83588695526123,50.575795888949834,6,115,hallucinated
-2.0405101776123047,-9.26756763458252,7.694533776547958,13,116,hallucinated
-0.6843563318252563,-10.762701034545898,1.982495355599499,18,117,hallucinated
-0.012488321401178837,-0.02485004998743534,1.0125666261121762,2,118,grounded
-4.8288679122924805,-14.82874870300293,125.06929107168857,6,118,hallucinated
-0.006669607013463974,-0.010616845451295376,1.006691898372967,2,119,grounded
-0.8439252972602844,-11.750407218933105,2.325477274344309,21,119,hallucinated
-1.1045573949813843,-9.889989852905273,3.017888440592554,12,120,hallucinated
-0.7807488441467285,-5.136358261108398,2.1831064600376107,11,121,hallucinated
-0.008795227855443954,-0.02416176348924637,1.0088340195157186,3,122,grounded
-3.5088870525360107,-11.130359649658203,33.41106232683989,12,122,hallucinated
-0.004051796160638332,-0.007518093101680279,1.004060015784366,3,123,grounded
-1.0143349170684814,-7.007302761077881,2.7575288020254822,13,123,hallucinated
-0.013845125213265419,-0.04934706911444664,1.0139414128174926,4,124,grounded
-0.5319690108299255,-8.000996589660645,1.702280820279544,22,124,hallucinated
-0.02325274609029293,-0.1914799064397812,1.0235251988506024,10,125,grounded
-1.6809494495391846,-6.854526996612549,5.370652714933883,7,125,hallucinated
-0.05480390042066574,-0.20878727734088898,1.0563334478187374,4,126,grounded
-1.2488566637039185,-4.283909320831299,3.486354602122984,8,126,hallucinated
-0.3043668568134308,-1.4289144277572632,1.3557663369867956,5,127,grounded
-1.6568607091903687,-4.903234481811523,5.242826226790478,14,127,hallucinated
-1.3515745401382446,-5.720082759857178,3.863503986155598,7,128,hallucinated
-0.2947942018508911,-0.5889723896980286,1.3428499742083222,2,129,grounded
-3.293015241622925,-12.515402793884277,26.92392352179893,7,129,hallucinated
-2.3399593830108643,-10.771418571472168,10.380814916722214,8,130,hallucinated
-0.19834206998348236,-0.7658265829086304,1.219379435592232,4,131,grounded
-0.35131019353866577,-2.9391214847564697,1.420928020249184,12,131,hallucinated
-0.05169643089175224,-0.1306014060974121,1.0530560187101503,5,132,grounded
-1.706953525543213,-10.500433921813965,5.512143268839089,12,132,hallucinated
-0.014135204255580902,-0.016848521307110786,1.0142355786350932,2,133,grounded
-0.9409340620040894,-12.16382884979248,2.5623737168069285,21,133,hallucinated
-0.6285492777824402,-3.3071250915527344,1.8748886627308514,11,134,hallucinated
-0.08756143599748611,-0.3149127960205078,1.0915093203469683,4,135,grounded
-1.1385905742645264,-6.889849662780762,3.1223645215576825,12,135,hallucinated
-0.016040794551372528,-0.11239416152238846,1.0161701387654827,8,136,grounded
-0.5365490913391113,-7.783463954925537,1.7100952852646303,31,136,hallucinated
-0.43431195616722107,-2.35038423538208,1.5439004222589883,12,137,hallucinated
-0.0007646791054867208,-0.0012898467248305678,1.0007649715470905,3,138,grounded
-0.685761570930481,-3.491957902908325,1.985283193930073,23,138,hallucinated
-0.0019485130906105042,-0.006075959652662277,1.0019504126758312,9,139,grounded
-0.5956757664680481,-6.754796504974365,1.814256544541204,34,139,hallucinated
-0.01865801028907299,-0.06613433361053467,1.0188331585734165,5,140,grounded
-2.4911155700683594,-7.538448333740234,12.074738826970933,6,140,hallucinated
-0.003825174877420068,-0.008559918031096458,1.0038325001960717,4,141,grounded
-1.0854928493499756,-5.529535293579102,2.9608987362141828,15,141,hallucinated
-2.191053628921509,-8.297666549682617,8.944632475040082,9,142,hallucinated
-1.0638242959976196,-7.479226112365723,2.89743046015604,13,143,hallucinated
-0.00032826754613779485,-0.0006130246329121292,1.0003283214318248,2,144,grounded
-2.5444960594177246,-12.04607105255127,12.736807874122306,6,144,hallucinated
-0.0014726108638569713,-0.002873579505831003,1.0014736956876775,2,145,grounded
-0.6183544993400574,-8.128104209899902,1.8558716898309604,37,145,hallucinated
-0.004737517796456814,-0.005293875467032194,1.0047487575764356,3,146,grounded
-0.765817403793335,-7.153507232666016,2.1507516889287497,32,146,hallucinated
-0.003319351701065898,-0.006140651647001505,1.0033248668494743,2,147,grounded
-2.771811008453369,-7.665438652038574,15.987561416873142,6,147,hallucinated
-0.1563197374343872,-0.31259822845458984,1.1691999803333937,2,148,grounded
-1.2299319505691528,-6.520479679107666,3.4209967314881387,10,148,hallucinated
-0.9122409224510193,-4.518249034881592,2.489895949990301,5,149,grounded
-1.6785813570022583,-10.21005630493164,5.357949559381617,14,149,hallucinated
-0.02989717200398445,-0.12682975828647614,1.030348579826424,5,150,grounded
-2.091820240020752,-9.17682933807373,8.099645052350361,11,150,hallucinated
-0.007087960373610258,-0.01192087959498167,1.007113139418943,2,151,grounded
-1.5101256370544434,-5.958914756774902,4.527299555165479,15,151,hallucinated
-2.3736684322357178,-8.794201850891113,10.736707010419394,9,152,hallucinated
-0.011293219402432442,-0.06256251782178879,1.0113572285341226,7,153,grounded
-1.0305945873260498,-7.751387596130371,2.8027318081780987,15,153,hallucinated
-0.0016756972763687372,-0.003933194559067488,1.001677102041594,4,154,grounded
-0.5851966738700867,-5.01661491394043,1.7953440481817668,26,154,hallucinated
-0.002438027411699295,-0.006130462046712637,1.0024410018172656,4,155,grounded
-2.556877851486206,-11.88286304473877,12.895492755126176,10,155,hallucinated
-1.821542501449585,-5.488974094390869,6.181385896650293,15,156,hallucinated
-0.0017876846250146627,-0.004177771974354982,1.0017892834857849,3,157,grounded
-0.4846382141113281,-2.610060214996338,1.6235875115258238,8,157,hallucinated
-0.0007579044904559851,-0.0015023384476080537,1.0007581917726371,2,158,grounded
-2.6561484336853027,-8.460379600524902,14.241331896752627,12,158,hallucinated
-0.9196767807006836,-2.6997148990631104,2.5084794699142416,3,159,grounded
-1.0779457092285156,-8.473095893859863,2.9386365322228953,14,159,hallucinated
-0.90183025598526,-4.029050350189209,2.4641089366217064,11,160,hallucinated
-1.2523126602172852,-3.7562203407287598,3.4984242758341546,3,161,grounded
-1.4879688024520874,-14.627318382263184,4.428092048474756,20,161,hallucinated
-0.016276545822620392,-0.041170939803123474,1.016409730408408,6,162,grounded
-0.9937623739242554,-7.3772993087768555,2.701378974490582,19,162,hallucinated
-0.6669396162033081,-10.929105758666992,1.9482657467197888,28,163,hallucinated
-0.7810048460960388,-5.490321159362793,2.183665411090159,9,164,hallucinated
-0.02575167454779148,-0.18449242413043976,1.0260861135356025,9,165,grounded
-1.5502601861953735,-10.421574592590332,4.712696201581857,13,165,hallucinated
-0.0038127319421619177,-0.01040002889931202,1.0038200096509715,3,166,grounded
-2.1706502437591553,-10.819488525390625,8.763980912256082,11,166,hallucinated
-0.46784892678260803,-1.8541615009307861,1.596556187586935,4,167,grounded
-1.081552505493164,-6.593313217163086,2.9492547328226126,15,167,hallucinated
-0.0017159901326522231,-0.0029476310592144728,1.0017174632862385,2,168,grounded
-0.6215532422065735,-10.846494674682617,1.8618176508903381,22,168,hallucinated
-0.07119913399219513,-0.281255841255188,1.0737950336713045,4,169,grounded
-1.5238581895828247,-7.750869274139404,4.589899780786724,9,169,hallucinated
-0.001753507531248033,-0.008367007598280907,1.001755045824584,7,170,grounded
-1.7653461694717407,-4.244662761688232,5.843594882151175,5,170,hallucinated
-0.040875572711229324,-0.22562070190906525,1.0417224787774073,6,171,grounded
-2.327195167541504,-12.198134422302246,10.249154019973387,16,171,hallucinated
-0.7656255960464478,-3.242614269256592,2.1503391976539583,5,172,grounded
-1.1160117387771606,-6.519711017608643,3.0526551068820664,19,172,hallucinated
-1.5271327495574951,-6.761910438537598,4.604954317936873,12,173,hallucinated
-1.6230905055999756,-6.378387928009033,5.06873107696416,15,174,hallucinated
-1.2844356298446655,-4.401856422424316,3.612628522053253,9,175,hallucinated
-2.730374336242676,-9.544085502624512,15.338627749638162,6,176,hallucinated
-0.0932702124118805,-0.6426354050636292,1.09775832311957,7,177,grounded
-1.975245475769043,-10.327953338623047,7.208388921469473,13,177,hallucinated
-0.19294917583465576,-0.38589775562286377,1.2128211513299483,2,178,grounded
-1.1378329992294312,-5.941020965576172,3.1199999919130854,13,178,hallucinated
-0.0009585755178704858,-0.0010436094598844647,1.000959035098218,2,179,grounded
-0.38055282831192017,-14.294940948486328,1.4630932052476118,40,179,hallucinated
-0.001244356739334762,-0.001858056872151792,1.001245131272414,2,180,grounded
-0.4795064926147461,-9.286301612854004,1.61527705430501,29,180,hallucinated
-0.00018798629753291607,-0.0005274811992421746,1.0001880039680642,3,181,grounded
-0.12150883674621582,-0.56849205493927,1.1291993443291022,10,181,hallucinated
-0.5223233699798584,-11.204753875732422,1.685940165596484,25,182,hallucinated
-0.04374058172106743,-0.12453046441078186,1.0447113025239128,4,183,grounded
-1.1719117164611816,-10.560009956359863,3.2281580662905407,15,183,hallucinated
-2.302105665206909,-11.519826889038086,9.995206871200011,7,184,hallucinated
-2.05531644821167,-7.507634162902832,7.809308723447033,14,185,hallucinated
-0.6431305408477783,-8.345782279968262,1.9024271928971461,20,186,hallucinated
-0.0005547630717046559,-0.0006216024048626423,1.0005549169811974,2,187,grounded
-1.6193164587020874,-8.203311920166016,5.0496375008559164,12,187,hallucinated
-0.0002843242255039513,-0.00041929035796783864,1.0002843646494677,2,188,grounded
-2.770637035369873,-10.208935737609863,15.968803462919885,6,188,hallucinated
-1.5165356397628784,-8.028453826904297,4.556412765771513,25,189,hallucinated
-0.042649753391742706,-0.16145050525665283,1.043572323167568,5,190,grounded
-1.457697868347168,-21.97383689880371,4.296058044252158,24,190,hallucinated
-0.011142960749566555,-0.07224751263856888,1.0112052747758662,7,191,grounded
-0.7789865136146545,-5.3980889320373535,2.179262493033412,11,191,hallucinated
-0.15668201446533203,-1.2145137786865234,1.169623631365735,23,192,hallucinated
-1.0430405139923096,-3.8292973041534424,2.8378323792024425,8,193,hallucinated
-0.014485626481473446,-0.03204311057925224,1.0145910516033148,3,194,grounded
-1.6365457773208618,-11.250885963439941,5.137393128260193,22,194,hallucinated
-0.039259713143110275,-0.16177889704704285,1.040040560780352,5,196,grounded
-0.5482684373855591,-7.630003929138184,1.7302543786553033,28,196,hallucinated
-0.11523010581731796,-0.341734379529953,1.1221316168793591,3,197,grounded
-0.19722679257392883,-0.7590278387069702,1.2180202473309083,4,197,hallucinated
-0.12330000847578049,-0.36561986804008484,1.131223746756666,3,198,grounded
-1.365987777709961,-10.547410011291504,3.919592826865895,11,198,hallucinated
-0.029301509261131287,-0.08635816723108292,1.0297350223200847,3,199,grounded
-1.507794737815857,-3.708202838897705,4.5167591651452685,5,199,hallucinated
-0.18450471758842468,-0.5457468032836914,1.2026226547502055,3,200,grounded
-1.241611361503601,-7.492856025695801,3.461186195907545,13,200,hallucinated
-0.9489141702651978,-8.507750511169434,2.5829035426403655,32,201,hallucinated
-0.0013894862495362759,-0.004391075111925602,1.0013904520328174,4,202,grounded
-0.5120583772659302,-5.476958274841309,1.6687225227547726,19,202,hallucinated
-0.019859682768583298,-0.032043687999248505,1.0200581982421,2,203,grounded
-1.719910979270935,-3.9076502323150635,5.584031347607852,6,203,hallucinated
-0.23129139840602875,-2.1915531158447266,1.2602264139178567,19,204,hallucinated
-0.31527015566825867,-2.8248603343963623,1.3706295442849001,9,205,grounded
-0.31946223974227905,-0.7830025553703308,1.3763873988419044,7,205,hallucinated
-0.3093608319759369,-1.987339735031128,1.3625539348406521,13,206,hallucinated
-0.4475778341293335,-2.805704355239868,1.5645180700833186,8,207,hallucinated
-0.4257335662841797,-5.82749080657959,1.5307128872757105,35,208,hallucinated
-0.0017594965174794197,-0.005239089950919151,1.001761045339726,4,209,grounded
-0.7795646786689758,-7.125982284545898,2.180522830757583,17,209,hallucinated
-2.4959073066711426,-12.248498916625977,12.132736639124184,11,210,hallucinated
-1.5468829870224,-9.310478210449219,4.696807332906145,23,211,hallucinated
-0.797624945640564,-14.265223503112793,2.220261419849914,25,212,hallucinated
-0.036976251751184464,-0.06187461316585541,1.0376683777387206,2,213,grounded
-0.9833512902259827,-7.6295247077941895,2.6734005872678397,15,213,hallucinated
-0.010717369616031647,-0.020205968990921974,1.0107750063424474,2,214,grounded
-0.4211696982383728,-10.4985933303833,1.5237428329444926,31,214,hallucinated
-0.019400591030716896,-0.1224927231669426,1.019590005431093,7,215,grounded
-1.9349150657653809,-8.276350975036621,6.923455991969675,11,215,hallucinated
-0.0009142678463831544,-0.001971564954146743,1.0009146859166302,4,216,grounded
-1.1720911264419556,-9.375328063964844,3.228737282024137,12,216,hallucinated
-0.02828109636902809,-0.09713558107614517,1.0286848033474765,4,217,grounded
-1.3868099451065063,-7.502193927764893,4.0020628676915395,11,217,hallucinated
-1.0985280275344849,-10.211063385009766,2.999747227248734,11,218,hallucinated
-0.0022695823572576046,-0.003870259737595916,1.0022721598088398,3,219,grounded
-1.8125286102294922,-11.237588882446289,6.125917923292475,10,219,hallucinated
-0.0002058803802356124,-0.0003985564399044961,1.0002059015750555,3,220,grounded
-0.7389225363731384,-3.662137985229492,2.0936784363913876,15,220,hallucinated
-0.01731826737523079,-0.05185896158218384,1.0174690980180925,3,221,grounded
-2.433868169784546,-11.690902709960938,11.402905254113245,14,221,hallucinated
-1.8898943662643433,-7.652616024017334,6.618669489331376,12,222,hallucinated
-0.011169112287461758,-0.012953775934875011,1.0112317196947154,2,223,grounded
-1.5498368740081787,-7.813651084899902,4.7107016820271825,23,223,hallucinated
-0.0033984757028520107,-0.00595568772405386,1.0034042570688255,2,224,grounded
-0.41766518354415894,-2.3661251068115234,1.5184121998928994,8,224,hallucinated
-0.008662895299494267,-0.010394955985248089,1.0087005267643006,2,225,grounded
-0.9775267243385315,-6.8621368408203125,2.657874449803461,8,225,hallucinated
-0.0032168664038181305,-0.008894585072994232,1.0032220460711583,5,226,grounded
-0.4083879590034485,-2.6459903717041016,1.5043906898830282,12,226,hallucinated
-1.0490663051605225,-1.2673678398132324,2.854984189203807,3,227,hallucinated
-0.011215160600841045,-0.026051349937915802,1.0112782862819911,3,228,grounded
-1.4283429384231567,-11.840132713317871,4.171780563930557,32,228,hallucinated
-1.6415821313858032,-7.77114200592041,5.163332123177925,10,229,hallucinated
-1.2401843070983887,-9.015105247497559,3.4562504175491755,14,230,hallucinated
-0.009508833289146423,-0.04789064824581146,1.0095541858805035,6,231,grounded
-1.741970181465149,-5.94795036315918,5.708579287796092,13,231,hallucinated
-0.001794411800801754,-0.0029762755148112774,1.0017960227210645,2,232,grounded
-0.10143712908029556,-0.2025820016860962,1.1067603331644766,2,232,hallucinated
-0.021301398053765297,-0.09421178698539734,1.0215298923653222,5,233,grounded
-2.9793944358825684,-5.65834903717041,19.675898018562158,6,233,hallucinated
-1.8157256841659546,-5.979393005371094,6.145534276579165,14,234,hallucinated
-1.8802111148834229,-9.927363395690918,6.554888550659617,18,235,hallucinated
-0.4916428327560425,-9.847073554992676,1.6350000464451608,26,236,hallucinated
-0.021003810688853264,-0.06289616227149963,1.0212259432044324,3,237,grounded
-2.0274434089660645,-10.689437866210938,7.594645116106112,15,237,hallucinated
-0.0006422111764550209,-0.001958834705874324,1.0006424174382047,4,238,grounded
-0.9888859987258911,-10.252692222595215,2.6882381030076457,23,238,hallucinated
-1.2315270900726318,-7.336524486541748,3.42645805314275,6,239,grounded
-0.4021804928779602,-5.934905529022217,1.4950811598256917,30,239,hallucinated
-0.05396295711398125,-0.14745555818080902,1.055445504683414,3,240,grounded
-1.871659278869629,-9.177084922790527,6.4990712291535875,6,240,hallucinated
-0.6239509582519531,-8.852740287780762,1.8662871170595607,17,241,hallucinated
-0.006468533538281918,-0.015135794878005981,1.0064894996837093,3,242,grounded
-1.4891688823699951,-5.672304153442383,4.433409302743656,9,242,hallucinated
-0.046404555439949036,-0.13871440291404724,1.0474980963022484,3,243,grounded
-3.060195207595825,-7.005066394805908,21.33172086956577,5,243,hallucinated
-0.015013966709375381,-0.052011068910360336,1.0151272425038846,4,244,grounded
-2.0605390071868896,-8.594525337219238,7.850199984379024,11,244,hallucinated
-0.0005482582491822541,-0.0010637345258146524,1.0005484085702065,2,245,grounded
-1.5298585891723633,-9.201123237609863,4.617523808265882,13,245,hallucinated
-4.407193660736084,-9.448755264282227,82.0389111339434,5,246,hallucinated
-0.20204907655715942,-1.0887264013290405,1.2239080718319308,13,247,hallucinated
-1.6985644102096558,-5.83090877532959,5.4660946867189715,18,248,hallucinated
-0.0013395422138273716,-0.00279845274053514,1.0013404398012393,4,249,grounded
-1.5630639791488647,-12.755775451660156,4.773424534869152,23,249,hallucinated
-0.004159135278314352,-0.011144651100039482,1.004167796484993,4,251,grounded
-1.857712745666504,-17.439584732055664,6.40906084185134,13,251,hallucinated
-2.165099859237671,-5.487843990325928,8.715472193807136,8,252,hallucinated
-2.5335443019866943,-10.587017059326172,12.59807849569863,10,253,hallucinated
-0.005787788424640894,-0.01775279827415943,1.0058045700325755,5,254,grounded
-1.2857290506362915,-6.555557727813721,3.6173041940499435,9,254,hallucinated
-0.0061406223103404045,-0.011566601693630219,1.0061595145818245,2,255,grounded
-0.5316310524940491,-3.0376806259155273,1.7017056174890917,8,255,hallucinated
-2.037309408187866,-7.070128440856934,7.669944721041943,6,256,hallucinated
-0.31795164942741394,-1.8261774778366089,1.3743098109548495,7,257,grounded
-0.6236698627471924,-7.120590686798096,1.8657625858654965,14,257,hallucinated
-0.07009974122047424,-0.1383044272661209,1.0726151598641833,2,258,grounded
-1.1362947225570679,-5.651126861572266,3.1152042582360497,13,258,hallucinated
-1.309481143951416,-8.279187202453613,3.7042512403487216,16,259,hallucinated
-0.0003450880176387727,-0.0005993238883093,1.0003451475673586,4,260,grounded
-1.246900200843811,-3.9728522300720215,3.479540346918982,7,260,hallucinated
-0.0030312929302453995,-0.008481907658278942,1.0030358919444722,3,261,grounded
-1.2450827360153198,-5.406451225280762,3.473222148010467,5,261,hallucinated
-0.4895966947078705,-4.647128105163574,1.6316580309199242,21,262,hallucinated
-1.5804133415222168,-8.30225658416748,4.856962980857441,11,263,hallucinated
-0.002932966221123934,-0.004164357203990221,1.0029372715746743,2,264,grounded
-1.0295478105545044,-8.05579948425293,2.7997995086237104,33,264,hallucinated
-0.06108437106013298,-0.19245944917201996,1.0629885958786158,5,265,grounded
-0.8757724165916443,-3.2071166038513184,2.4007289408470847,12,265,hallucinated
-0.1623748242855072,-1.7573087215423584,1.1763010649063408,11,266,grounded
-0.777899980545044,-8.830068588256836,2.1768959381702495,23,266,hallucinated
-0.9927094578742981,-2.284764289855957,2.6985361461037796,5,267,hallucinated
-1.102179765701294,-7.161334991455078,3.0107215441598356,11,268,hallucinated
-0.02960243634879589,-0.113100565969944,1.03004494411101,5,269,grounded
-1.932674527168274,-6.500910758972168,6.907961086543181,7,269,hallucinated
-0.9310712814331055,-3.827932357788086,2.537225805118363,7,270,hallucinated
-2.091740846633911,-10.61076545715332,8.099002019624058,8,271,hallucinated
-1.7814290523529053,-5.6981964111328125,5.9383365516924345,8,272,hallucinated
-0.002878777449950576,-0.00767768919467926,1.0028829251088611,4,273,grounded
-2.5232090950012207,-11.190863609313965,12.46854527616577,8,273,hallucinated
-0.6217862963676453,-3.4524502754211426,1.8622516058065701,16,274,hallucinated
-0.001544862985610962,-0.002732117660343647,1.001546056901166,4,275,grounded
-1.0093810558319092,-7.875762939453125,2.7439021670810133,10,275,hallucinated
-0.0032655203249305487,-0.0095193050801754,1.0032708579448808,3,276,grounded
-2.0660037994384766,-9.779436111450195,7.893217129251942,9,276,hallucinated
-0.00035366229712963104,-0.0007914748275652528,1.000353724843013,3,277,grounded
-0.40043407678604126,-2.6908035278320312,1.4924724046784836,11,277,hallucinated
-1.1820571422576904,-6.472153663635254,3.2610758042951566,12,278,hallucinated
-1.0045088529586792,-3.9944748878479004,2.730565834100512,4,279,grounded
-1.8401687145233154,-8.646313667297363,6.297600668097134,12,279,hallucinated
-0.017245657742023468,-0.04603042080998421,1.0173952226421499,3,280,grounded
-4.4458794593811035,-10.455634117126465,85.27484062768843,5,280,hallucinated
-0.030563468113541603,-0.13173291087150574,1.0310353258393417,9,281,grounded
-0.21953311562538147,-0.6735116839408875,1.2454950926216983,7,281,hallucinated
-1.3826910257339478,-13.258152961730957,3.9856125953455797,13,282,hallucinated
-0.005659341812133789,-0.021385787054896355,1.0056753861395051,4,283,grounded
-1.8571751117706299,-7.142385482788086,6.405616039606244,14,283,hallucinated
-0.12231709808111191,-0.3642468750476837,1.130112401443187,3,284,grounded
-1.5865552425384521,-7.653556823730469,4.8868857640470535,8,284,hallucinated
-0.0009491818491369486,-0.0014136569807305932,1.000949632464789,2,285,grounded
-3.5504138469696045,-16.940380096435547,34.82772785518395,10,285,hallucinated
-0.2225932478904724,-0.6555479764938354,1.2493123099567756,3,286,grounded
-1.633801817893982,-5.903080940246582,5.123315652799873,10,286,hallucinated
-3.1393399238586426,-11.754725456237793,23.08862157951171,6,287,hallucinated
-0.0012174382572993636,-0.0024293928872793913,1.001218179636085,2,288,grounded
-2.8382842540740967,-9.094217300415039,17.08642441031404,17,288,hallucinated
-0.034928347915410995,-0.10452089458703995,1.0355455071470296,3,289,grounded
-1.6665661334991455,-13.259718894958496,5.293957805369438,13,289,hallucinated
-1.0040053129196167,-5.079594135284424,2.7291912309866437,16,290,hallucinated
-0.004314720164984465,-0.008370908908545971,1.0043240419722101,2,291,grounded
-2.487851142883301,-17.832796096801758,12.035385988476486,23,291,hallucinated
-0.010944586247205734,-0.03175005316734314,1.0110046973280813,4,292,grounded
-2.376664876937866,-11.801200866699219,10.768927208171812,13,292,hallucinated
-0.03432397171854973,-0.13194803893566132,1.0349198371808055,4,293,grounded
-0.5144961476325989,-9.250442504882812,1.672795447481517,21,293,hallucinated
-0.20647650957107544,-0.9080150127410889,1.2293388561808596,15,294,hallucinated
-0.0006721527897752821,-0.0013044904917478561,1.0006723787350822,2,295,grounded
-0.963542103767395,-4.162838459014893,2.6209637765261906,22,295,hallucinated
-1.4809187650680542,-9.846953392028809,4.396983620631176,15,296,hallucinated
-1.708778738975525,-6.847410202026367,5.5222132939511415,7,297,hallucinated
-0.02389020100235939,-0.11216987669467926,1.024177858014528,5,298,grounded
-1.2084678411483765,-14.178523063659668,3.3483505155159574,21,298,hallucinated
-0.010870516300201416,-0.04384639859199524,1.010929815037027,5,299,grounded
-0.3447383642196655,-5.211809158325195,1.4116205409066598,31,299,hallucinated
-0.28167349100112915,-0.8373231887817383,1.3253459119659068,3,300,grounded
-2.5374975204467773,-5.37742280960083,12.647980023000718,7,300,hallucinated
-0.28843772411346436,-0.8497083187103271,1.334341249651104,3,301,grounded
-1.5339206457138062,-10.63683032989502,4.636318597962429,13,301,hallucinated
-0.010628174990415573,-0.027472984045743942,1.0106848546647569,3,302,grounded
-1.8655192852020264,-12.914505004882812,6.459289228557282,15,302,hallucinated
-1.1461565494537354,-4.706638336181641,3.1460778481594898,19,303,hallucinated
-0.5677775144577026,-1.1350394487380981,1.764341467369766,2,304,grounded
-1.2191736698150635,-8.342728614807129,3.3843899542589644,12,304,hallucinated
-0.007137147709727287,-0.020652957260608673,1.007162677849761,3,305,grounded
-1.7159193754196167,-8.227518081665039,5.561786532355338,24,305,hallucinated
-1.4800512790679932,-5.944783687591553,4.393170952854837,9,306,hallucinated
-0.8205009698867798,-2.8726017475128174,2.2716375745411432,20,307,hallucinated
-1.3262914419174194,-4.776845455169678,3.767047137547631,8,308,hallucinated
-1.0549959370109718e-05,-1.4305012882687151e-05,1.0000105500150211,2,309,grounded
-1.410872220993042,-11.651116371154785,4.099529540853147,38,309,hallucinated
-0.14320865273475647,-0.42177876830101013,1.1539705556604143,3,310,grounded
-1.6234663724899292,-8.81598949432373,5.070636603239754,11,310,hallucinated
-0.004705121740698814,-0.008739201352000237,1.0047162082069008,2,311,grounded
-1.2345367670059204,-4.622992038726807,3.4367861191831373,11,311,hallucinated
-1.13292396068573,-11.824723243713379,3.104721324163814,15,312,hallucinated
-0.469145804643631,-8.086695671081543,1.5986280691587762,45,313,hallucinated
-0.023828178644180298,-0.07996450364589691,1.024114338058428,4,314,grounded
-0.7275436520576477,-3.230618715286255,2.0699897427207796,11,314,hallucinated
-0.013234289363026619,-0.029466180130839348,1.0133222501751233,6,315,grounded
-1.5249911546707153,-8.154939651489258,4.595102923928469,11,315,hallucinated
-0.05019809305667877,-0.17367222905158997,1.0514793665086557,4,316,grounded
-1.6610662937164307,-6.702027320861816,5.264921805487709,11,316,hallucinated
-0.7619081735610962,-4.589707851409912,2.142360317991295,8,317,hallucinated
-0.005818858742713928,-0.011351288296282291,1.005835821185975,3,318,grounded
-3.510995864868164,-6.770829677581787,33.48159433034596,6,318,hallucinated
-0.026152953505516052,-0.0500369518995285,1.0264979429254857,2,319,grounded
-0.9839778542518616,-6.670311450958252,2.6750761687773164,28,319,hallucinated
-0.00030049800989218056,-0.000593962671700865,1.000300543163942,2,320,grounded
-2.4594647884368896,-11.011849403381348,11.698548665631515,6,320,hallucinated
-0.016703125089406967,-0.03156318515539169,1.0168434022170854,2,321,grounded
-0.7417439818382263,-6.370735168457031,2.0995939771847207,22,321,hallucinated
-1.786452054977417,-7.654976844787598,5.96823987112974,6,322,hallucinated
-3.671649217605591,-10.469062805175781,39.316694204856624,7,323,hallucinated
-0.008212295360863209,-0.023425843566656113,1.0082461087568952,3,324,grounded
-1.7795050144195557,-8.153426170349121,5.926921951489204,9,324,hallucinated
-0.0007057699258439243,-0.0013013951247557998,1.0007060190400403,3,325,grounded
-0.5704714059829712,-1.9332928657531738,1.7691008196074844,9,325,hallucinated
-0.00668103713542223,-0.013278035447001457,1.0067034050499009,2,326,grounded
-0.4640704095363617,-1.4682648181915283,1.5905349553263626,5,326,hallucinated
-0.03423364460468292,-0.09799065440893173,1.0348263600806513,3,327,grounded
-0.9379400610923767,-7.068045139312744,2.5547134407217036,29,327,hallucinated
-0.084532730281353,-0.16598092019557953,1.088208461018227,2,328,grounded
-2.340740203857422,-11.680758476257324,10.388923638731061,8,328,hallucinated
-0.15491920709609985,-0.6845263242721558,1.1675636264385225,5,329,grounded
-4.3228302001953125,-6.901942253112793,75.40172857849163,5,329,hallucinated
-1.7022444009780884,-4.994492530822754,5.4862469219829935,11,330,hallucinated
-0.0010444966610521078,-0.0029306341893970966,1.001045042337659,4,331,grounded
-2.8735291957855225,-12.292678833007812,17.699372655959372,10,331,hallucinated
-0.00519726425409317,-0.039164625108242035,1.005210793460088,9,332,grounded
-0.5155272483825684,-6.847992897033691,1.6745211576595966,22,332,hallucinated
-1.822410225868225,-12.59626579284668,6.186751963930964,8,333,hallucinated
-1.181274652481079,-8.29116153717041,3.25852504391965,19,334,hallucinated
-0.003779167076572776,-0.007489933166652918,1.0037863171327173,3,335,grounded
-2.151093006134033,-10.315558433532715,8.594246829938447,11,335,hallucinated
-0.6254482269287109,-1.9699468612670898,1.869083543280042,6,336,hallucinated
-0.032178960740566254,-0.09196458011865616,1.0327023019376933,3,337,grounded
-1.0792611837387085,-7.426261901855469,2.9425047774069006,8,337,hallucinated
-1.5884660482406616,-5.91295051574707,4.896232580362089,12,338,hallucinated
-0.003482185071334243,-0.01390296220779419,1.0034882549211717,5,339,grounded
-0.4159434139728546,-7.242847919464111,1.515800093338515,30,339,hallucinated
-0.6751415133476257,-7.33225679397583,1.9643109325179409,16,340,hallucinated
-3.498260498046875,-7.412145137786865,33.05789763777102,5,341,hallucinated
-1.0421911478042603,-7.0931196212768555,2.835423043681106,8,342,hallucinated
-0.08529173582792282,-0.29794254899024963,1.0890347308079735,4,343,grounded
-0.3185994029045105,-3.5710620880126953,1.3752003132953603,21,343,hallucinated
-0.004499963950365782,-0.006418328732252121,1.004510103992379,2,344,grounded
-1.7632958889007568,-7.856194972991943,5.831626146924944,16,344,hallucinated
-1.0327401161193848,-13.085162162780762,2.808751605487528,16,345,hallucinated
-0.17156660556793213,-0.29422909021377563,1.1871632117789879,4,346,grounded
-2.1107192039489746,-9.705419540405273,8.254175586061377,7,346,hallucinated
-0.0012715611374005675,-0.0033477472607046366,1.0012723699140302,4,347,grounded
-1.3321613073349,-8.72879695892334,3.7892242218399064,20,347,hallucinated
-0.45738130807876587,-1.603464126586914,1.5799312099405616,4,348,grounded
-3.1443984508514404,-17.948524475097656,23.20571189758318,14,348,hallucinated
-0.0025049641262739897,-0.0131290964782238,1.0025081041702628,8,349,grounded
-0.874640941619873,-5.3748931884765625,2.398014112306418,14,349,hallucinated
-2.2330689430236816,-7.164670944213867,9.328450678427023,8,350,hallucinated
-0.002919764257967472,-0.004004555754363537,1.0029240309211682,2,351,grounded
-2.3361783027648926,-9.754237174987793,10.341638334079088,11,351,hallucinated
-2.4849512577056885,-4.456731796264648,12.000535306951633,2,352,hallucinated
-0.006772123277187347,-0.021244585514068604,1.006795105955246,4,353,grounded
-1.7570393085479736,-12.254076957702637,5.795254010594343,23,353,hallucinated
-0.8376927375793457,-7.819724082946777,2.3110286711073433,13,354,hallucinated
-1.1290695667266846,-2.230592727661133,3.0927775378630753,3,355,grounded
-1.6849851608276367,-7.646154403686523,5.3923709134343705,10,355,hallucinated
-0.03101441077888012,-0.3067667484283447,1.0315003685031423,11,356,grounded
-1.0104551315307617,-9.99275016784668,2.7468509090212523,15,356,hallucinated
-0.07178976386785507,-0.3949275612831116,1.0744294364286946,6,357,grounded
-1.347394585609436,-8.250819206237793,3.847388419803161,18,357,hallucinated
-0.014194016344845295,-0.03529443219304085,1.0142952297025638,5,358,grounded
-0.6134307384490967,-6.29953145980835,1.8467562808487732,22,358,hallucinated
-0.004192975349724293,-0.006260427180677652,1.0042017781699017,4,359,grounded
-1.4393033981323242,-8.126014709472656,4.217756696224903,10,359,hallucinated
-0.045892857015132904,-0.1291389912366867,1.0469622302889625,3,360,grounded
-1.0656747817993164,-3.8178350925445557,2.902797077977595,21,360,hallucinated
-0.045815031975507736,-0.10951343178749084,1.0468807535824092,3,361,grounded
-2.0284061431884766,-10.886473655700684,7.601960261571896,15,361,hallucinated
-0.9443067908287048,-2.5736846923828125,2.5710304987839687,3,362,grounded
-0.2727312445640564,-0.8434333205223083,1.313547174438573,9,362,hallucinated
-0.046024076640605927,-0.07056773453950882,1.0470996212947064,2,363,grounded
-1.3786964416503906,-9.132851600646973,3.9697234870267253,15,363,hallucinated
-1.8600741624832153,-10.510159492492676,6.424213189365575,9,364,hallucinated
-0.133233904838562,-0.3906329870223999,1.142517207381878,3,365,grounded
-0.29680946469306946,-1.204235553741455,1.3455588985444336,10,365,hallucinated
-0.0006722599500790238,-0.0012242449447512627,1.0006724859674438,2,366,grounded
-1.544108271598816,-5.504356384277344,4.683793092913913,6,366,hallucinated
-0.0009455751860514283,-0.0024131007958203554,1.0009460223832094,3,367,grounded
-1.2684657573699951,-5.071331977844238,3.5553935393589255,8,367,hallucinated
-0.3560616374015808,-4.234251976013184,1.4276955449955142,18,368,hallucinated
-0.5482583045959473,-13.174129486083984,1.7302368464405347,26,369,hallucinated
-1.2445707321166992,-8.140083312988281,3.4714442999013295,12,370,hallucinated
-0.24058157205581665,-0.44096359610557556,1.271988688329688,2,371,grounded
-1.8400976657867432,-7.245489120483398,6.297153247420755,11,371,hallucinated
-0.08775075525045395,-0.6454504132270813,1.0917159836381565,8,372,grounded
-0.8990773558616638,-3.820797920227051,2.457334819337794,30,372,hallucinated
-3.138235569000244,-10.91202449798584,23.063137622352624,7,373,hallucinated
-0.20106454193592072,-0.34245723485946655,1.2227036849395805,2,374,grounded
-1.3974123001098633,-5.575002670288086,4.04471989182852,17,374,hallucinated
-0.710970401763916,-5.145813941955566,2.035966005345806,27,375,hallucinated
-2.999075174331665,-5.982821464538574,20.066969890036606,2,376,hallucinated
-0.022348793223500252,-0.07386668026447296,1.022600398363866,4,377,grounded
-1.2600359916687012,-9.375168800354004,3.525548375451031,10,377,hallucinated
-2.39410400390625,-7.164290428161621,10.95837499783343,6,378,hallucinated
-0.059247229248285294,-0.4533314108848572,1.0610375278267106,8,379,grounded
-0.7504881620407104,-4.759283065795898,2.118033707944876,29,379,hallucinated
-1.4164347648620605,-5.632480144500732,4.122396895133916,7,380,hallucinated
-0.0012829974293708801,-0.004353094846010208,1.0012838208226722,4,381,grounded
-3.1638708114624023,-12.956761360168457,23.66201007128124,7,381,hallucinated
-1.4762094020843506,-13.063450813293457,4.376325310648552,28,382,hallucinated
-0.003413574071601033,-0.0066811274737119675,1.003419406950672,2,383,grounded
-1.2288594245910645,-5.533942222595215,3.4173295905261654,21,383,hallucinated
-0.015677228569984436,-0.05600942298769951,1.0158007610223845,7,384,grounded
-0.8460410833358765,-7.37822961807251,2.3304026955118258,27,384,hallucinated
-0.3184918463230133,-2.4695632457733154,1.3750524094049494,11,385,hallucinated
-0.04160234332084656,-0.4913274049758911,1.0424798472415941,12,386,grounded
-1.1808452606201172,-9.576553344726562,3.257126160143198,13,386,hallucinated
-0.0030187726952135563,-0.0052115777507424355,1.0030233337779755,3,387,grounded
-0.8142380714416504,-5.569570541381836,2.2574549974855116,16,387,hallucinated
-0.8852193355560303,-4.018198013305664,2.4235158964011414,16,388,hallucinated
-0.025680294260382652,-0.051291290670633316,1.0260128738278789,3,389,grounded
-2.8512074947357178,-6.378239631652832,17.308669354375937,7,389,hallucinated
-2.7630789279937744,-8.404719352722168,15.848564493586744,8,390,hallucinated
-0.5440942049026489,-7.26076602935791,1.7230469478354629,24,391,hallucinated
-0.21882183849811554,-1.0759577751159668,1.2446095154329295,5,392,grounded
-2.6015141010284424,-5.846139430999756,13.484138935221742,7,392,hallucinated
-1.9134411811828613,-6.633063316345215,6.776367430654799,7,393,hallucinated
-0.003812526585534215,-0.015941079705953598,1.0038198035099006,5,394,grounded
-1.1580348014831543,-7.2925286293029785,3.183670579709516,34,394,hallucinated
-1.1127043962478638,-5.444312572479248,3.042575608185051,10,395,hallucinated
-0.002306582173332572,-0.0030460411217063665,1.0023092443804666,4,396,grounded
-1.0737404823303223,-9.89262866973877,2.9263048457760723,18,396,hallucinated
-0.8701686859130859,-5.102705478668213,2.387313525722667,11,397,hallucinated
-0.43226104974746704,-0.6330961585044861,1.5407372717431076,2,398,grounded
-2.5640594959259033,-9.07579231262207,12.988436945558478,9,398,hallucinated
-0.013676587492227554,-0.03303087502717972,1.0137705398421857,4,399,grounded
-3.015291690826416,-11.078731536865234,20.395039118807873,8,399,hallucinated
-0.01986715756356716,-0.03944634646177292,1.0200658229965,2,400,grounded
-0.39446932077407837,-1.7764830589294434,1.4835966680470023,11,400,hallucinated
-1.2727018594741821,-8.179024696350098,3.570486494492018,14,401,hallucinated
-0.025831131264567375,-0.08542500436306,1.0261676462084297,4,402,grounded
-2.414194107055664,-9.550688743591309,11.180756233270255,9,402,hallucinated
-0.0091409208253026,-0.034409571439027786,1.0091828266306295,4,403,grounded
-2.95263934135437,-14.239431381225586,19.156447467816633,7,403,hallucinated
-0.007127841468900442,-0.011632706969976425,1.0071533049949424,2,404,grounded
-0.18251581490039825,-0.7479944825172424,1.2002331323709257,8,404,hallucinated
-0.05938540771603584,-0.11817089468240738,1.061184150496346,2,405,grounded
-1.9201258420944214,-7.615681171417236,6.821816887001895,8,405,hallucinated
-2.376701831817627,-9.416670799255371,10.769325179935397,7,406,hallucinated
-2.5510995388031006,-7.726409912109375,12.821193434867551,5,407,hallucinated
-0.006068733055144548,-0.011532899923622608,1.0060871851235995,2,408,grounded
-0.7109527587890625,-3.59438419342041,2.0359300851656417,8,408,hallucinated
-2.055760622024536,-10.887702941894531,7.812778184343372,8,409,hallucinated
-0.011711504310369492,-0.031404465436935425,1.0117803524863638,3,410,grounded
-0.7530806064605713,-4.827279090881348,2.1235317161732548,16,410,hallucinated
-3.652970552444458,-8.151457786560059,38.589126984250576,13,411,hallucinated
-0.0013182878028601408,-0.0018319981172680855,1.00131915712619,2,412,grounded
-1.0656496286392212,-6.465647220611572,2.902724064376234,13,412,hallucinated
-1.1971337795257568,-12.45259952545166,3.3106143603606077,12,413,hallucinated
-0.002891159849241376,-0.009369214065372944,1.002895343282565,4,414,grounded
-1.1629564762115479,-8.435850143432617,3.199378192919734,34,414,hallucinated
-0.008928031660616398,-0.024531731382012367,1.008968005409019,3,415,grounded
-1.8712575435638428,-8.98984146118164,6.496460847162429,32,415,hallucinated
-0.010083858855068684,-0.01671910472214222,1.0101348722863326,2,416,grounded
-1.0543336868286133,-5.887999534606934,2.87006215642689,15,416,hallucinated
-0.03215567767620087,-0.06289079040288925,1.0326782577434395,2,417,grounded
-1.621658205986023,-11.558062553405762,5.0614763321237595,17,417,hallucinated
-0.0032347585074603558,-0.007512650452554226,1.003239995984563,3,418,grounded
-1.5187703371047974,-9.779288291931152,4.566606354818919,14,418,hallucinated
-0.19748853147029877,-0.5260502099990845,1.21833909233145,4,419,grounded
-2.94362473487854,-9.321711540222168,18.984535655261475,5,419,hallucinated
-2.0950021743774414,-9.654916763305664,8.125458638007382,9,420,hallucinated
-0.1460765153169632,-0.285158634185791,1.1572847346714568,2,421,grounded
-1.583853006362915,-9.791031837463379,4.873698070705537,16,421,hallucinated
-0.8262419700622559,-7.697757244110107,2.2847165535429976,38,422,hallucinated
-0.4963285028934479,-2.1703696250915527,1.6426790940296452,14,423,hallucinated
-0.004353016149252653,-0.008567127399146557,1.004362504286393,5,424,grounded
-1.845791220664978,-9.409494400024414,6.333108695039398,6,424,hallucinated
-0.051055338233709335,-0.12924720346927643,1.0523811285847147,5,425,grounded
-1.1754761934280396,-6.288361549377441,3.2396852934260925,27,425,hallucinated
-0.0026172399520874023,-0.004669713322073221,1.0026206679145184,3,426,grounded
-1.5863206386566162,-6.698243141174316,4.885739416150811,8,426,hallucinated
-0.008285044692456722,-0.022256474941968918,1.0083194606555075,4,428,grounded
-1.3133838176727295,-6.984971046447754,3.71873597052491,22,428,hallucinated
-1.4726957082748413,-11.46125316619873,4.36097522703574,21,429,hallucinated
-0.9040875434875488,-1.113358497619629,2.4696774213997226,2,430,grounded
-0.9609867334365845,-4.955463886260986,2.614274793507776,10,430,hallucinated
-1.0348092317581177,-9.250438690185547,2.8145692539779326,11,431,hallucinated
-0.06463965773582458,-0.2563101053237915,1.066774551160247,4,432,grounded
-0.9565926790237427,-6.771203994750977,2.602812728725334,11,432,hallucinated
-6.477036476135254,-10.042442321777344,650.041674945565,2,433,hallucinated
-0.21357981860637665,-0.9159977436065674,1.2381023179257784,5,434,grounded
-0.5149661302566528,-6.453250408172607,1.673581817050972,23,434,hallucinated
-0.25060760974884033,-0.8304146528244019,1.2848058401211127,4,435,grounded
-2.484638214111328,-8.454400062561035,11.996779204187526,9,435,hallucinated
-0.050012797117233276,-0.09790829569101334,1.05128454970157,2,436,grounded
-0.7348486185073853,-5.275997161865234,2.0851663130227998,23,436,hallucinated
-0.9249439239501953,-12.730329513549805,2.521726847912942,16,437,hallucinated
-0.040235985070466995,-0.24214109778404236,1.04105641897939,7,438,grounded
-1.5840126276016235,-7.7849202156066895,4.874476078520307,11,438,hallucinated
-0.0019984357059001923,-0.004849695134907961,1.0020004339094075,3,439,grounded
-2.379289388656616,-14.75863265991211,10.7972275048136,13,439,hallucinated
-0.009260913357138634,-0.025790689513087273,1.009303928298585,4,440,grounded
-0.5918769836425781,-6.076160430908203,1.807377651920674,24,440,hallucinated
-0.01989067532122135,-0.07702487707138062,1.0200898129394105,4,441,grounded
-1.6118441820144653,-9.609792709350586,5.0120458348525645,15,441,hallucinated
-1.7926733493804932,-4.611079216003418,6.005485787208854,8,442,hallucinated
-0.05300731211900711,-0.7689900398254395,1.0544373552625943,32,443,grounded
-0.9913322329521179,-3.566354990005493,2.694822212917666,26,443,hallucinated
-1.5856682062149048,-8.383430480957031,4.882552840879543,8,445,hallucinated
-0.046485017985105515,-0.20302970707416534,1.0475823840560816,5,446,grounded
-2.57592511177063,-12.688115119934082,13.143470715389697,10,446,hallucinated
-0.0612129271030426,-0.16424329578876495,1.06312525827036,5,447,grounded
-0.9423223733901978,-7.182503700256348,2.565933559927032,16,447,hallucinated
-0.2108628749847412,-9.264183044433594,1.2347430292955277,48,448,hallucinated
-0.8927847743034363,-3.475342273712158,2.441920388715369,15,449,hallucinated
-0.013680162839591503,-0.04020309820771217,1.0137741644304925,3,450,grounded
-3.2526895999908447,-12.17864990234375,25.85979898187616,9,450,hallucinated
-0.006134986877441406,-0.02144494466483593,1.0061538444533713,4,451,grounded
-0.39635157585144043,-10.438203811645508,1.4863918051634686,31,451,hallucinated
-1.3051679134368896,-4.648629188537598,3.6883083582448846,8,452,hallucinated
-0.33308863639831543,-0.9077654480934143,1.3952709647820467,7,453,hallucinated
-0.0057776011526584625,-0.020816192030906677,1.0057943236800508,8,454,grounded
-0.0038552351761609316,-0.01026894897222519,1.0038626761544602,5,454,hallucinated
-0.007979318499565125,-0.021373417228460312,1.0080112381038373,4,455,grounded
-1.5215493440628052,-5.141293048858643,4.579314635675196,29,455,hallucinated
-0.47176221013069153,-5.142085075378418,1.6028162049522436,13,456,hallucinated
-0.8960584998130798,-4.382479667663574,2.4499276654461233,10,457,hallucinated
-1.9162368774414062,-6.474306583404541,6.795338602187419,8,458,hallucinated
-0.002116368617862463,-0.006223820615559816,1.002118609706637,3,459,grounded
-0.993364155292511,-12.150105476379395,2.7003034492128526,19,459,hallucinated
-0.003546470310539007,-0.005738925188779831,1.0035527664772266,2,460,grounded
-1.1110525131225586,-16.63039779663086,3.037553777760823,29,460,hallucinated
-1.6210440397262573,-13.261662483215332,5.058368698535499,14,461,hallucinated
-0.044664837419986725,-0.12762175500392914,1.045677329258084,4,462,grounded
-1.5840877294540405,-7.913540363311768,4.8748421744504356,9,462,hallucinated
-0.00822291150689125,-0.020880404859781265,1.0082568125016342,3,463,grounded
-2.4329776763916016,-7.087386131286621,11.392755562111628,10,463,hallucinated
-0.09352116286754608,-0.556047797203064,1.0980338406401453,6,464,grounded
-0.9090968370437622,-11.932464599609375,2.482079798231423,22,464,hallucinated
-0.18306055665016174,-0.5443153977394104,1.2008871275806525,3,465,grounded
-1.0815784931182861,-7.047752380371094,2.949331377944907,11,465,hallucinated
-1.8305118083953857,-7.459380626678467,6.237078030668297,11,466,hallucinated
-0.018999731168150902,-0.11921622604131699,1.0191813746289577,9,467,grounded
-0.47328799962997437,-7.703617095947266,1.60526363174128,53,467,hallucinated
-0.133887380361557,-0.6449661254882812,1.143264058409358,5,468,grounded
-1.1533455848693848,-3.66491961479187,3.1687766065591916,8,468,hallucinated
-0.002586623653769493,-0.004528267774730921,1.0025899718509523,3,469,grounded
-1.1410419940948486,-7.832773208618164,3.1300281373953935,18,469,hallucinated
-0.1282535195350647,-0.2564659118652344,1.1368411776133225,2,470,grounded
-1.782168984413147,-10.355945587158203,5.942732143310569,18,470,hallucinated
-1.8187408447265625,-13.187185287475586,6.16409201237097,15,471,hallucinated
-0.05141838639974594,-0.16099140048027039,1.0527632629858183,4,472,grounded
-1.3546273708343506,-4.111692905426025,3.8753166315480247,10,472,hallucinated
-0.00936688669025898,-0.015425542369484901,1.0094108932676154,3,473,grounded
-2.535271644592285,-11.975008010864258,12.619858498781026,12,473,hallucinated
-0.11894004046916962,-0.2370225042104721,1.1263023837012023,2,474,grounded
-0.7903920412063599,-4.085015296936035,2.2042604177980523,10,474,hallucinated
-1.608720302581787,-7.807136535644531,4.996413237840287,18,475,hallucinated
-0.15454471111297607,-1.2291357517242432,1.167126460413949,8,476,grounded
-1.6103163957595825,-11.116951942443848,5.0043943465248795,21,476,hallucinated
-1.2258248329162598,-6.227632522583008,3.4069751093578478,20,477,hallucinated
-0.013409053906798363,-0.01958555355668068,1.0134993584515417,2,478,grounded
-1.773474097251892,-8.338664054870605,5.891284746671924,12,478,hallucinated
-0.0008370443829335272,-0.005290674045681953,1.0008373948023483,8,479,grounded
-2.1033666133880615,-6.058182716369629,8.193708579536477,7,479,hallucinated
-0.2523995041847229,-1.3556207418441772,1.2871101404721335,8,480,hallucinated
-1.7359178066253662,-9.65787124633789,5.674133171697201,11,481,hallucinated
-1.097435712814331,-6.877625942230225,2.996472348120628,13,482,hallucinated
-0.002256209496408701,-0.006342875771224499,1.0022587566523335,3,484,grounded
-2.157728672027588,-12.97719669342041,8.651465010921962,7,484,hallucinated
-0.6799011826515198,-9.334675788879395,1.973682688503735,17,485,hallucinated
-2.110713243484497,-6.893831253051758,8.254126387487629,9,486,hallucinated
-3.025216579437256,-7.653424263000488,20.59846543218001,5,487,hallucinated
-1.9788970947265625,-8.127185821533203,7.234759329145962,8,488,hallucinated
-0.5789518356323242,-3.772716760635376,1.7841673496792203,12,489,hallucinated
-0.001674236380495131,-0.005244782194495201,1.0016756386967178,4,490,grounded
-1.6881933212280273,-12.312637329101562,5.409698283893415,11,490,hallucinated
-1.1973199844360352,-3.5768516063690186,3.3112308704073623,3,491,grounded
-2.4691877365112305,-16.173301696777344,11.812847808724662,14,491,hallucinated
-0.5521934032440186,-4.168549060821533,1.7370589130650747,12,492,hallucinated
-0.5424346327781677,-2.7901358604431152,1.7201897986300096,6,493,hallucinated
-0.0015873030060902238,-0.0029380035120993853,1.0015885634383146,2,494,grounded
-1.023953914642334,-7.061702251434326,2.7841814452342533,20,494,hallucinated
-1.3814665079116821,-10.951201438903809,3.9807351285718857,17,495,hallucinated
-0.29420724511146545,-1.3636200428009033,1.3420620106388093,5,496,grounded
-2.594733476638794,-15.166339874267578,13.39301733368462,17,496,hallucinated
-0.7353477478027344,-3.3033251762390137,2.086207340397322,8,497,hallucinated
-0.00205692439340055,-0.005755637306720018,1.0020590413135801,5,498,grounded
-0.26327499747276306,-1.9004894495010376,1.301184492203054,26,498,hallucinated
-0.04614724963903427,-0.1827017068862915,1.0472286036381224,4,499,grounded
-0.916143000125885,-6.060738563537598,2.499630697908818,9,499,hallucinated
