example_id,label,n_answer_tokens,mean_logprob,min_logprob,perplexity
0,grounded,2,-0.0003213081508874893,-0.0005598884890787303,1.0003213597758804
0,hallucinated,6,-1.0005038976669312,-2.6800143718719482,2.719651909491795
1,hallucinated,11,-2.9325149059295654,-11.222258567810059,18.774787999142045
2,grounded,2,-9.536674042465165e-06,-1.645074735279195e-05,1.0000095367195168
2,hallucinated,22,-2.7737226486206055,-13.087053298950195,16.01815311229456
3,hallucinated,7,-0.6816627383232117,-4.107339859008789,1.977162504482731
4,hallucinated,5,-4.361880302429199,-14.460160255432129,78.4044199302962
5,hallucinated,8,-0.6431615948677063,-4.152455806732178,1.9024862718264202
6,grounded,4,-0.00010309627396054566,-0.00039748396375216544,1.000103101588564
6,hallucinated,15,-1.921886920928955,-10.01158618927002,6.833841229134183
7,grounded,2,-5.715894076274708e-05,-8.093983342405409e-05,1.0000571605743662
7,hallucinated,9,-2.996772289276123,-10.19923210144043,20.020811134520354
8,grounded,4,-0.006502637639641762,-0.013961154967546463,1.0065238256889495
8,hallucinated,18,-1.7527480125427246,-20.984209060668945,5.770438144405459
9,grounded,7,-0.30103036761283875,-2.1048552989959717,1.351250375163207
9,hallucinated,12,-2.711806535720825,-11.085762977600098,15.056450977282177
10,grounded,2,-8.046010043472052e-05,-0.00015710550360381603,1.0000804633374354
10,hallucinated,15,-1.7955776453018188,-18.588008880615234,6.0229528475645076
11,grounded,2,-0.5058377981185913,-1.011637568473816,1.6583743214986402
11,hallucinated,21,-1.7742445468902588,-10.430647850036621,5.895825433835294
12,hallucinated,20,-0.5973588228225708,-11.60941219329834,1.817312611592359
13,grounded,4,-0.0001564432168379426,-0.00028832568204961717,1.0001564554547162
13,hallucinated,17,-1.6273919343948364,-13.152125358581543,5.090580821643299
14,grounded,3,-0.0067498222924768925,-0.0202474407851696,1.0067726536833363
14,hallucinated,20,-1.7040555477142334,-14.738368034362793,5.496192323761795
15,grounded,4,-8.745797094888985e-05,-0.0003047717036679387,1.0000874617955087
15,hallucinated,14,-2.558368682861328,-10.35940933227539,12.914732098067812
16,grounded,21,-0.29629743099212646,-4.502277374267578,1.3448701033999875
16,hallucinated,13,-3.2870774269104004,-10.771416664123535,26.764527951598975
17,hallucinated,21,-2.763209819793701,-19.883176803588867,15.85063907648955
18,grounded,4,-4.058900231029838e-05,-0.00010978573118336499,1.000040589826055
18,hallucinated,10,-2.254204511642456,-15.359376907348633,9.527711111507978
19,hallucinated,14,-2.3634166717529297,-22.421932220458984,10.627199145069843
20,hallucinated,14,-2.7812118530273438,-17.24835205078125,16.138566673242316
21,grounded,2,-3.39745406563452e-06,-6.556489552167477e-06,1.000003397459837
21,hallucinated,9,-2.23691463470459,-19.761981964111328,9.364394092943623
22,grounded,3,-0.0014454335905611515,-0.004266445990651846,1.0014464787331943
22,hallucinated,16,-0.7422732710838318,-6.9075164794921875,2.1007055638464647
23,grounded,4,-1.0674937963485718,-4.269381523132324,2.9080821134168846
23,hallucinated,9,-6.517996788024902,-12.090944290161133,677.2204096026309
24,grounded,2,-5.072211934020743e-05,-6.806619057897478e-05,1.0000507234057288
24,hallucinated,7,-3.5946757793426514,-8.90917682647705,36.40389517947595
25,hallucinated,18,-2.5445055961608887,-24.234376907348633,12.736929342366937
26,hallucinated,23,-2.01930570602417,-14.551499366760254,7.533092936554839
27,hallucinated,13,-1.8495515584945679,-14.835241317749023,6.356968154944426
28,hallucinated,16,-1.021130084991455,-10.48587703704834,2.776330481225226
29,grounded,2,-0.0005917627131566405,-0.0011826909612864256,1.0005919378392536
29,hallucinated,22,-1.0370270013809204,-18.77181625366211,2.8208182470228467
30,grounded,2,-1.3649355423694942e-05,-1.9192511899746023e-05,1.0000136494485765
30,hallucinated,6,-4.517979145050049,-12.796902656555176,91.65019895076722
31,grounded,2,-0.0002564135065767914,-0.0005109196645207703,1.00025644638333
31,hallucinated,6,-0.5042058825492859,-2.674078941345215,1.6556702016713967
32,hallucinated,20,-1.3088750839233398,-6.7725419998168945,3.7020069219025413
33,hallucinated,13,-0.4535202383995056,-1.9425451755523682,1.5738427470041887
34,grounded,5,-0.20227201282978058,-0.8603944778442383,1.2241809557522279
34,hallucinated,7,-4.750576972961426,-26.078126907348633,115.65099277670313
35,grounded,4,-9.40141108003445e-05,-0.00030739352223463356,1.0000940185302654
35,hallucinated,8,-1.0963666439056396,-3.1535556316375732,2.993270624434062
36,grounded,2,-4.172309218120063e-06,-7.986990567587782e-06,1.0000041723179223
36,hallucinated,14,-0.6831658482551575,-6.599201202392578,1.9801366317404363
37,grounded,2,-0.02237902767956257,-0.044716570526361465,1.0226313165980754
37,hallucinated,8,-2.601559638977051,-10.988146781921387,13.484752989228877
38,hallucinated,27,-0.3335452377796173,-6.941178798675537,1.3959081929004051
39,hallucinated,44,-0.8847596645355225,-19.500009536743164,2.4224021323779596
40,hallucinated,18,-2.368760585784912,-13.347027778625488,10.684141997043026
41,hallucinated,9,-3.1827399730682373,-13.459542274475098,24.112731356602364
42,grounded,2,-2.7298433780670166,-5.459682941436768,15.33048574155526
42,hallucinated,19,-2.6705358028411865,-21.195356369018555,14.447708242440276
43,grounded,2,-9.715507985674776e-06,-1.168244216387393e-05,1.0000097155551815
43,hallucinated,14,-1.9352855682373047,-15.36499309539795,6.926021624786257
44,grounded,3,-8.308226097142324e-05,-0.00019560330838430673,1.0000830857123981
44,hallucinated,24,-1.424107551574707,-8.530474662780762,4.154148824371631
45,grounded,5,-0.0002033984346780926,-0.0005579821881838143,1.0002034191215423
45,hallucinated,5,-0.41149038076400757,-1.1196091175079346,1.5090651916844104
46,grounded,2,-2.424459457397461,-4.848299026489258,11.296121733655646
46,hallucinated,12,-2.4014275074005127,-11.662750244140625,11.038923283238063
47,grounded,2,-6.198863047757186e-06,-7.271740287251305e-06,1.0000061988822608
47,hallucinated,9,-5.61152982711792,-17.919998168945312,273.56242125964314
48,grounded,3,-0.47328197956085205,-1.4197888374328613,1.6052539679723457
48,hallucinated,6,-6.142698287963867,-10.599909782409668,465.30741187543407
49,hallucinated,14,-1.0185136795043945,-8.058696746826172,2.7690759694309306
50,hallucinated,6,-2.1590096950531006,-7.425541400909424,8.662554838451024
51,grounded,9,-0.003177095204591751,-0.02855737879872322,1.0031821475207074
51,hallucinated,23,-0.6053513884544373,-9.501228332519531,1.8318958028382584
52,grounded,2,-0.049305375665426254,-0.095204196870327,1.050541111452245
52,hallucinated,8,-3.7522897720336914,-15.390686988830566,42.618557139804345
53,grounded,3,-0.00029854942113161087,-0.0006121906917542219,1.0002985939914455
53,hallucinated,12,-2.501624345779419,-18.320554733276367,12.202298623807252
54,hallucinated,15,-1.4276912212371826,-11.49268913269043,4.169062628599714
55,hallucinated,22,-0.5801591873168945,-5.479944705963135,1.7863227680465803
56,grounded,3,-1.1523413377290126e-05,-2.992108420585282e-05,1.0000115234797722
56,hallucinated,31,-2.3684661388397217,-12.756121635437012,10.680996547176795
57,grounded,4,-1.1294840078335255e-05,-4.386805812828243e-05,1.0000112949038653
57,hallucinated,8,-2.6037068367004395,-12.881916999816895,13.513738527852697
58,grounded,4,-2.7716032491298392e-06,-1.0132738680113107e-05,1.00000277160709
58,hallucinated,10,-2.846133232116699,-18.757816314697266,17.221063077089905
59,grounded,26,-1.4791852235794067,-8.478551864624023,4.3893678701168675
59,hallucinated,32,-1.3677446842193604,-8.478551864624023,3.9264852379056094
60,grounded,2,-3.516661763569573e-06,-7.033323527139146e-06,1.000003516667947
60,hallucinated,5,-5.700408935546875,-9.00522232055664,298.98964346406547
61,hallucinated,24,-1.2267614603042603,-9.687847137451172,3.410167670442188
62,hallucinated,8,-4.315225601196289,-17.204517364501953,74.83050339088715
63,grounded,2,-1.7432222366333008,-3.486426830291748,5.715731220368946
63,hallucinated,31,-1.5209052562713623,-17.62535858154297,4.5763661046835225
64,hallucinated,7,-1.032435655593872,-3.5411479473114014,2.8078965816647927
65,hallucinated,21,-1.3887221813201904,-12.62479305267334,4.009723078969061
66,grounded,2,-2.0741988919326104e-05,-4.136476854910143e-05,1.000020742204036
66,hallucinated,2,-4.666335105895996,-9.332633018493652,106.30742218336982
67,hallucinated,23,-1.003615140914917,-8.35471248626709,2.728126584683938
68,grounded,4,-0.001207164954394102,-0.004761784803122282,1.0012078938712858
68,hallucinated,6,-3.3802173137664795,-10.437538146972656,29.377154479756054
69,grounded,2,-0.012927588075399399,-0.025822751224040985,1.0130115105907644
69,hallucinated,36,-0.5154035091400146,-15.140674591064453,1.6743139664990108
70,grounded,3,-1.0013432074629236e-05,-2.9801878554280847e-05,1.0000100134822092
70,hallucinated,11,-2.8433377742767334,-17.563337326049805,17.1729895463689
71,hallucinated,13,-1.6691372394561768,-10.09655475616455,5.307586644906472
72,hallucinated,12,-0.600118100643158,-3.8374581336975098,1.8223340065004852
73,grounded,2,-7.74860041019565e-07,-1.1920922133867862e-06,1.0000007748603412
73,hallucinated,6,-4.2651567459106445,-17.757116317749023,71.17607565786327
74,grounded,4,-0.8796720504760742,-1.8493725061416626,2.410109182639291
74,hallucinated,16,-1.0971226692199707,-13.409817695617676,2.9955344684526413
75,grounded,2,-0.0001689011842245236,-0.00025960413040593266,1.0001689154488327
75,hallucinated,11,-4.086357116699219,-17.29733657836914,59.52266216143294
76,grounded,2,-5.584737300523557e-05,-9.107174992095679e-05,1.0000558489324989
76,hallucinated,7,-5.063443660736084,-12.477673530578613,158.1341400874878
77,grounded,3,-0.019425494596362114,-0.05793951079249382,1.0196153971738957
77,hallucinated,14,-3.1187427043914795,-11.061543464660645,22.617924341612483
78,hallucinated,22,-0.961505651473999,-9.68959903717041,2.6156317398944138
79,grounded,2,-2.2649726361123612e-06,-3.933898824470816e-06,1.0000022649752012
79,hallucinated,12,-2.1679089069366455,-18.376846313476562,8.73998878894001
80,hallucinated,17,-2.838844060897827,-19.000036239624023,17.09599218509503
81,grounded,2,-0.6068580150604248,-1.212930679321289,1.83465786597064
81,hallucinated,10,-4.0831804275512695,-15.00813102722168,59.333877180845214
82,grounded,4,-0.27117469906806946,-1.084667682647705,1.3115041689284352
82,hallucinated,13,-0.6418116092681885,-4.665771961212158,1.899919675579954
83,grounded,3,-0.0002167322236346081,-0.0006467396160587668,1.0002167557117598
83,hallucinated,40,-1.7621101140975952,-19.240680694580078,5.82471524977208
84,grounded,7,-0.0009156913729384542,-0.005867281928658485,1.0009161107462794
84,hallucinated,28,-1.2807624340057373,-14.296876907348633,3.599382971641598
85,grounded,2,-2.5510140403639525e-05,-5.090107151772827e-05,1.00002551046579
85,hallucinated,6,-2.4508121013641357,-6.164894104003906,11.597761453744097
86,hallucinated,6,-3.5610358715057373,-19.304479598999023,35.19964057117443
87,hallucinated,16,-1.0477591753005981,-8.523794174194336,2.851254792054674
88,grounded,3,-0.8365399241447449,-2.509589195251465,2.308366021271678
88,hallucinated,14,-1.9936381578445435,-13.085779190063477,7.342197302527634
89,hallucinated,6,-4.491286754608154,-16.529617309570312,89.23619712234103
90,grounded,2,-3.379487679922022e-05,-6.16293036728166e-05,1.0000337954478524
90,hallucinated,10,-2.0720040798187256,-6.4712653160095215,7.940721020939368
91,grounded,2,-0.000195782064110972,-0.00020239688456058502,1.00019580123067
91,hallucinated,9,-1.4172577857971191,-9.222610473632812,4.12579111064485
92,grounded,6,-4.519617141340859e-05,-0.0002169373765354976,1.0000451971927757
92,hallucinated,23,-1.825910210609436,-14.080437660217285,6.20844343917538
93,grounded,5,-2.4318637770193163e-06,-5.960446742392378e-06,1.000002431866734
93,hallucinated,21,-2.6420302391052246,-12.75196647644043,14.041682661549629
94,grounded,3,-0.0001868930266937241,-0.00033885458833537996,1.0001869104922836
94,hallucinated,9,-5.959204196929932,-18.734634399414062,387.3017856156091
95,grounded,3,-8.455289207631722e-05,-0.00017796363681554794,1.0000845564667729
95,hallucinated,9,-2.112565040588379,-14.461248397827148,8.269425515895973
96,grounded,3,-2.317753314971924,-6.906909942626953,10.152838433071805
96,hallucinated,5,-1.5146691799163818,-2.855374574661255,4.547916335889307
97,grounded,4,-0.0021973445545881987,-0.008767443709075451,1.002199760485354
97,hallucinated,15,-1.9436047077178955,-21.07723617553711,6.983880499059654
98,hallucinated,10,-2.815718412399292,-6.743014812469482,16.705172673637936
99,grounded,4,-0.00036208564415574074,-0.0004632591735571623,1.0003621512050753
99,hallucinated,10,-1.7611265182495117,-5.679616928100586,5.818988900704388
100,hallucinated,16,-0.3685537278652191,-3.412757396697998,1.4456423098173838
101,grounded,7,-0.06564555317163467,-0.4569248557090759,1.0678481546882168
101,hallucinated,19,-1.5611032247543335,-14.250029563903809,4.764074191594438
102,hallucinated,9,-3.101182699203491,-14.012430191040039,22.224220311859963
103,hallucinated,12,-2.403386116027832,-20.083187103271484,11.0605654009176
104,grounded,8,-5.111026439408306e-06,-3.3378044463461265e-05,1.0000051110395007
104,hallucinated,26,-1.4380639791488647,-14.203125953674316,4.212532366743339
105,grounded,6,-0.05186699330806732,-0.31103983521461487,1.053235645807597
105,hallucinated,23,-1.5808520317077637,-21.203922271728516,4.859094150276083
106,grounded,3,-9.218727427651174e-06,-2.729855441430118e-05,1.0000092187699203
106,hallucinated,15,-2.5619328022003174,-15.922816276550293,12.960843869611821
107,grounded,8,-0.0014226457569748163,-0.006366921588778496,1.0014236581975076
107,hallucinated,27,-1.080113172531128,-10.519022941589355,2.94501282676215
108,hallucinated,38,-1.118300437927246,-11.99411678314209,3.0596497172568706
109,hallucinated,22,-0.31287166476249695,-2.1407878398895264,1.3673460410881426
110,hallucinated,15,-1.1482282876968384,-10.216023445129395,3.1526024542576003
111,grounded,4,-0.9166450500488281,-3.6660220623016357,2.5008859523819296
111,hallucinated,10,-2.378788709640503,-8.565140724182129,10.79182291266558
112,hallucinated,20,-0.8903988003730774,-6.181360244750977,2.4361009755726704
113,grounded,3,-0.0007579163066111505,-0.0022586092818528414,1.0007582035977514
113,hallucinated,10,-2.1423301696777344,-16.172351837158203,8.519265853318656
114,hallucinated,16,-1.4172941446304321,-20.213306427001953,4.125941122323235
115,grounded,6,-0.00012854170927312225,-0.0007373951375484467,1.0001285499711126
115,hallucinated,6,-7.050804615020752,-17.669294357299805,1153.7867235281947
116,hallucinated,13,-3.1258206367492676,-15.314510345458984,22.77858036571184
117,hallucinated,18,-1.146307349205017,-17.58598518371582,3.1465523116900975
118,grounded,2,-0.00031068219686858356,-0.0006210067658685148,1.0003107304635808
118,hallucinated,6,-5.991868495941162,-22.769071578979492,400.1616121725987
119,grounded,2,-1.6391131794080138e-05,-2.0861407392658293e-05,1.0000163912661295
119,hallucinated,21,-1.015815258026123,-12.859379768371582,2.7616139077816686
120,hallucinated,12,-1.3605598211288452,-8.807287216186523,3.8983750837744693
121,hallucinated,11,-1.115142822265625,-7.481581687927246,3.0500037565235427
122,grounded,3,-2.582863317002193e-06,-4.291525328881107e-06,1.0000025828666526
122,hallucinated,12,-4.638875484466553,-20.406253814697266,103.42797579922541
123,grounded,3,-2.054317701549735e-05,-5.781483559985645e-05,1.000020543388028
123,hallucinated,13,-2.1830506324768066,-19.40625,8.873334293232402
124,grounded,4,-0.0013511839788407087,-0.005294112488627434,1.0013520972391943
124,hallucinated,22,-1.5102840662002563,-10.834166526794434,4.528016868186987
125,grounded,10,-0.0003724279813468456,-0.003634159453213215,1.0003724973412578
125,hallucinated,7,-2.0699303150177,-6.75927209854126,7.924270895931802
126,grounded,4,-0.504513680934906,-2.018050193786621,1.656179892723608
126,hallucinated,8,-1.406442403793335,-7.734638690948486,4.081409538163303
127,grounded,5,-0.8261515498161316,-4.126250743865967,2.2845099782493374
127,hallucinated,14,-3.596287488937378,-12.906152725219727,36.462614993555086
128,hallucinated,7,-2.573995351791382,-13.94351863861084,13.118131428848823
129,grounded,2,-1.1753138303756714,-2.350585460662842,3.239159330932733
129,hallucinated,7,-5.186500549316406,-17.817564010620117,178.84160920072975
130,hallucinated,8,-4.6313676834106445,-21.48012351989746,102.65436681830775
131,grounded,4,-0.03690990433096886,-0.1472133845090866,1.0375995334026655
131,hallucinated,12,-1.4452263116836548,-9.863983154296875,4.242812232156311
132,grounded,5,-0.0004670273046940565,-0.0014115142403170466,1.0004671363789253
132,hallucinated,12,-4.266482353210449,-20.890625,71.27048974750436
133,grounded,2,-0.0017864360706880689,-0.0035039715003222227,1.0017880326982216
133,hallucinated,21,-1.6014189720153809,-25.00798988342285,4.96006562757575
134,hallucinated,11,-0.7370118498802185,-4.048863887786865,2.0896818925694625
135,grounded,4,-0.0007656982052139938,-0.0029855461325496435,1.0007659914269198
135,hallucinated,12,-1.6534255743026733,-12.636926651000977,5.224847309191742
136,grounded,8,-0.00046922409092076123,-0.0020467538852244616,1.0004693341937647
136,hallucinated,31,-0.6840864419937134,-11.680307388305664,1.9819603724584438
137,hallucinated,12,-1.598409652709961,-11.19156551361084,4.945161642998336
138,grounded,3,-2.0662907900259597e-06,-4.291525328881107e-06,1.0000020662929248
138,hallucinated,23,-0.6917038559913635,-4.643035888671875,1.9971154330467704
139,grounded,9,-4.348066067905165e-05,-0.00023922442051116377,1.0000434816059767
139,hallucinated,34,-1.003876805305481,-9.969584465026855,2.7288405316672786
140,grounded,5,-0.05536680668592453,-0.27468159794807434,1.056928231922861
140,hallucinated,6,-5.043827533721924,-16.633512496948242,155.06238715639307
141,grounded,4,-9.834648153628223e-06,-2.95634672511369e-05,1.0000098346965138
141,hallucinated,15,-1.4003304243087769,-7.959496974945068,4.056540124888875
142,hallucinated,9,-3.442945718765259,-14.219930648803711,31.27896161783292
143,hallucinated,13,-2.2869656085968018,-15.731356620788574,9.84501867111645
144,grounded,2,-3.2185558666242287e-05,-6.151010165922344e-05,1.0000321860766268
144,hallucinated,6,-4.252042770385742,-14.152663230895996,70.2487679783786
145,grounded,2,-2.3126132873585448e-05,-4.327203714638017e-05,1.0000231264002846
145,hallucinated,37,-1.1031773090362549,-18.59375762939453,3.0137263678413806
146,grounded,3,-3.3775859265006147e-06,-7.748573807475623e-06,1.0000033775916306
146,hallucinated,32,-1.045750617980957,-16.962703704833984,2.8455336309353596
147,grounded,2,-1.0967134585371241e-05,-2.1934269170742482e-05,1.0000109671947246
147,hallucinated,6,-4.48696756362915,-14.813910484313965,88.85160011658957
148,grounded,2,-0.6516743302345276,-1.3033427000045776,1.9187507634346226
148,hallucinated,10,-2.0590643882751465,-9.154760360717773,7.838632461960885
149,grounded,5,-2.66121244430542,-11.514311790466309,14.313633065155958
149,hallucinated,14,-2.1907103061676025,-19.140819549560547,8.94156210627996
150,grounded,5,-0.0001571353932376951,-0.000734178873244673,1.0001571477396503
150,hallucinated,11,-1.9757496118545532,-7.445496082305908,7.21202384661466
151,grounded,2,-1.3649281754624099e-05,-2.6940935640595853e-05,1.0000136493749066
151,hallucinated,15,-3.6267709732055664,-13.796879768371582,37.5912373188756
152,hallucinated,9,-4.462516784667969,-15.109572410583496,86.70545367794244
153,grounded,7,-0.0006993192946538329,-0.004697952885180712,1.0006995638754017
153,hallucinated,15,-2.013732671737671,-12.218764305114746,7.491227518398541
154,grounded,4,-6.347861926769838e-06,-1.2040065485052764e-05,1.0000063478820744
154,hallucinated,26,-1.7281124591827393,-15.375027656555176,5.6300169859109435
155,grounded,4,-5.722019068343798e-06,-1.1444026313256472e-05,1.000005722035439
155,hallucinated,10,-4.209454536437988,-22.843751907348633,67.31980929047772
156,hallucinated,15,-2.296759605407715,-10.386988639831543,9.941914476651544
157,grounded,3,-8.077748498180881e-05,-0.00019727191829588264,1.0000807807475707
157,hallucinated,8,-0.5547410249710083,-4.403618812561035,1.7414899239663055
158,grounded,2,0.0,0.0,1.0
158,hallucinated,12,-3.8791351318359375,-15.445701599121094,48.38235261472267
159,grounded,3,-2.2505054473876953,-6.75117301940918,9.492532599805811
159,hallucinated,14,-2.4382896423339844,-17.28329849243164,11.453434511221667
160,hallucinated,11,-1.6345597505569458,-8.787135124206543,5.1272002530225365
161,grounded,3,-0.14459921419620514,-0.43379026651382446,1.1555763388541211
161,hallucinated,20,-2.105752468109131,-18.51897430419922,8.213280916926507
162,grounded,6,-4.690404239227064e-05,-0.00023815179883968085,1.0000469051424041
162,hallucinated,19,-1.2093356847763062,-12.68751049041748,3.351257621449145
163,hallucinated,28,-1.092692494392395,-14.755290031433105,2.982293079546055
164,hallucinated,9,-2.351081132888794,-14.675650596618652,10.496912149244013
165,grounded,9,-1.6954186321527231e-06,-4.887569048150908e-06,1.0000016954200694
165,hallucinated,13,-2.067755699157715,-15.543537139892578,7.907057373945143
166,grounded,3,-7.470368927897653e-06,-2.1934269170742482e-05,1.0000074703968311
166,hallucinated,11,-4.207018852233887,-23.25,67.1560390216589
167,grounded,4,-1.6111903190612793,-6.411146640777588,5.008769714944925
167,hallucinated,15,-1.7027910947799683,-12.562915802001953,5.489247039168838
168,grounded,2,-2.205368218710646e-06,-3.814689989667386e-06,1.0000022053706505
168,hallucinated,22,-1.2619110345840454,-21.66408348083496,3.532165131367184
169,grounded,4,-0.1343352347612381,-0.5371868014335632,1.1437761889193052
169,hallucinated,9,-2.279452323913574,-12.45313549041748,9.771327421449561
170,grounded,7,-0.0017497119260951877,-0.012038432992994785,1.001751243565186
170,hallucinated,5,-2.3335328102111816,-5.810083866119385,10.314315763636484
171,grounded,6,-3.125082002952695e-05,-0.0001481661747675389,1.0000312513083416
171,hallucinated,16,-3.091268301010132,-18.519161224365234,22.004969209460974
172,grounded,5,-1.0133498907089233,-5.053415298461914,2.7548139008123926
172,hallucinated,19,-1.8580217361450195,-16.84375,6.411041486612127
173,hallucinated,12,-2.8963654041290283,-10.8283052444458,18.108209593260636
174,hallucinated,15,-2.440533399581909,-9.231669425964355,11.479162090347245
175,hallucinated,9,-2.5904617309570312,-8.958202362060547,13.335927792537351
176,hallucinated,6,-4.302336692810059,-13.81694221496582,73.87220883979487
177,grounded,7,-0.13797125220298767,-0.9645906090736389,1.1479425489804438
177,hallucinated,13,-4.844776153564453,-28.76494598388672,127.0748335612752
178,grounded,2,-0.09433434903621674,-0.1886673867702484,1.098927109719892
178,hallucinated,13,-1.403432846069336,-10.08839225769043,4.0691447655907185
179,grounded,2,-0.00011169017670908943,-0.00018499570433050394,1.000111696414289
179,hallucinated,40,-0.5989730358123779,-20.904123306274414,1.8202485101618338
180,grounded,2,-4.649145012081135e-06,-8.22540732769994e-06,1.0000046491558194
180,hallucinated,29,-0.7479247450828552,-17.422393798828125,2.112611257390764
181,grounded,3,-0.00025449818349443376,-0.0005119920242577791,1.0002545305709045
181,hallucinated,10,-0.8543554544448853,-3.850412130355835,2.3498593009908495
182,hallucinated,25,-0.8167614936828613,-18.657981872558594,2.2631587030368174
183,grounded,4,-0.0002833414764609188,-0.0010490872664377093,1.0002833816214485
183,hallucinated,15,-2.3942418098449707,-23.60215187072754,10.959885231044023
184,hallucinated,7,-4.840941429138184,-16.91227149963379,126.58846972469846
185,hallucinated,14,-1.9509752988815308,-9.895658493041992,7.035545995683909
186,hallucinated,20,-1.8742822408676147,-18.331729888916016,6.516140422145901
187,grounded,2,-2.044398024736438e-05,-4.0649541915627196e-05,1.0000204441892269
187,hallucinated,12,-3.2363369464874268,-17.478986740112305,25.440361454482225
188,grounded,2,-8.94068989509833e-07,-1.6689286894688848e-06,1.0000008940693892
188,hallucinated,6,-6.768435001373291,-24.898975372314453,869.9493585343968
189,hallucinated,25,-2.1130266189575195,-14.281139373779297,8.273243384894418
190,grounded,5,-0.00018851409549824893,-0.0006688979919999838,1.000188531865397
190,hallucinated,24,-2.4213531017303467,-33.17843246459961,11.261086406158572
191,grounded,7,-0.22870029509067535,-1.60041344165802,1.2569652638915443
191,hallucinated,11,-1.5670028924942017,-10.437564849853516,4.792263719071993
192,hallucinated,23,-0.4087899327278137,-5.520171165466309,1.5049955369697143
193,hallucinated,8,-1.165884256362915,-4.472609043121338,3.2087589946513004
194,grounded,3,-0.0001933667081175372,-0.00037925204378552735,1.0001933854046645
194,hallucinated,22,-2.0690438747406006,-16.03060531616211,7.917249615475659
196,grounded,5,-0.0036260716151446104,-0.016541481018066406,1.0036326537662028
196,hallucinated,28,-1.5568443536758423,-18.343751907348633,4.7438277578820065
197,grounded,3,-1.9289742708206177,-5.786729335784912,6.882447092952947
197,hallucinated,4,-1.6751654148101807,-6.635964393615723,5.339678337903596
198,grounded,3,-0.000908027112018317,-0.0026154855731874704,1.0009084394934449
198,hallucinated,11,-2.046816110610962,-15.461456298828125,7.743208298842697
199,grounded,3,-3.894041947205551e-05,-8.475421054754406e-05,1.00003894117766
199,hallucinated,5,-2.939361572265625,-10.715792655944824,18.903773765484516
